,MW,AMW,nBM,H%,C%,N%,O%,X%,nCsp3,nCIR,TRS,Rbrid,D/Dtr03,D/Dtr04,D/Dtr05,D/Dtr07,D/Dtr08,D/Dtr09,D/Dtr10,D/Dtr11,D/Dtr12,Wap,S3K,SRW09,X2v,X5v,EE_Dt,J_D/Dt,EE_Dz(v),ChiA_Dz(p),ATSC1m,ATSC1s,P_VSA_LogP_1,P_VSA_LogP_2,P_VSA_LogP_3,P_VSA_LogP_4,P_VSA_LogP_5,P_VSA_LogP_6,P_VSA_LogP_8,P_VSA_MR_7,P_VSA_MR_8,P_VSA_m_4,P_VSA_m_5,P_VSA_v_3,P_VSA_e_3,P_VSA_e_6,P_VSA_s_3,SpMax_EA(ed),SM13_EA(bo),SM07_EA(dm),H-052,SssCH2,SsssCH,SaaN,SsOH,SssO,CATS2D_02_AL,CATS2D_03_AL,CATS2D_06_AL,CATS2D_01_LL,CATS2D_09_LL,T(N..S),T(N..P),T(N..F),T(N..Cl),T(N..Br),T(N..I),T(O..P),T(O..Cl),T(O..Br),T(S..F),T(F..Cl),T(Cl..Cl),F03[C-N],MLOGP2,ALOGP2,Class,Label
501,192.23,7.393,8,46.2,42.3,0,11.5,0,2,1,6,0,0,0,0,0,0,0,0,0,0,758,4.402,0,2.573,0.52,74.087,9.9789,57.56,0.014,5.159,6.764,0,24.952,56.857,32.336,27.243,0,0,9.476,0,0,0,94.244,0,0,21.62,7.026,15.993,6.362,0,0.148,0,0,0,9.887,3,3,5,5,3,0,0,0,0,0,0,0,0,0,0,0,0,0,4.096,5.527,FlavorsandFragrances,3
697,256.32,7.323,13,45.7,45.7,0,8.6,0,3,2,12,0,0,0,0,0,0,0,0,0,0,2838,4.324,0,4.171,1.099,135.379,10.63,89.357,0.01,6.976,4.924,10.883,7.127,85.286,32.336,33.614,0,0,0,0,0,0,122.102,0,0,25.933,7.454,17.149,6.312,0,0.59,0,0,0,10.292,5,6,4,11,6,0,0,0,0,0,0,0,0,0,0,0,0,0,10.135,10.806,FlavorsandFragrances,3
588,264.34,7.343,15,44.4,50,0,5.6,0,1,2,12,0,0,0,0,0,0,0,0,0,0,3090,5.395,0,4.187,1.033,154.655,10.5133,96.567,0.009,6.837,4.842,0,4.592,132.667,32.336,17.371,0,0,37.905,0,0,0,150.822,0,0,18.155,7.026,16.951,0,0,0.271,0,0,0,5.073,3,3,7,16,10,0,0,0,0,0,0,0,0,0,0,0,0,0,16.638,17.678,FlavorsandFragrances,3
732,79.11,7.192,6,45.5,45.5,9.1,0,0,0,1,6,0,0,0,0,0,0,0,0,0,0,90,0.808,0,1.025,0.172,21,7.5,6.455,0.147,2.132,2.678,0,0,28.429,40.328,18.095,0,0,16.786,0,0,0,46.524,16.786,0,0,4,0,0,0,0,0,3.785,0,0,2,1,0,2,0,0,0,0,0,0,0,0,0,0,0,0,0,1,0.219,0.462,FlavorsandFragrances,3
591,857.5,5.462,7,61.1,34.4,0,4.5,0,43,0,0,0,0,0,0,0,0,0,0,0,0,35636,52.084,0,17.405,4.777,198.409634,60,117.4183376,0.001,39.115,19.059,8.825,108.032,118.493,133.411,22,0,0,75.81,0,0,0,207.959,0,0,123.324,6.095,14.501,7.173,8,42.611,-0.287,0,18.84,10.851,7,7,9,44,32,0,0,0,0,0,0,0,0,0,0,0,0,0,88.014,309.454,FlavorsandFragrances,3
641,150.24,6.01,6,56,40,0,4,0,4,1,6,0,0,0,0,0,0,0,0,0,0,397,1.809,0,2.868,0.622,48.799,9.7062,24.803,0.045,5.962,6.566,17.65,2.535,37.905,42.683,3.186,0,0,0,0,0,0,61.276,0,0,5.72,9.596,17.423,0,0,1.067,0.455,0,9.412,0,0,0,0,8,0,0,0,0,0,0,0,0,0,0,0,0,0,0,7.914,10.323,FlavorsandFragrances,3
739,98.148,12.269,1,37.5,25,0,25,0,1,0,0,0,0,0,0,0,0,0,0,0,0,18,5.273,0,1.333,0,7.46,4,6.797,0.129,0.768,6.378,17.76914724,18.86790974,65.89339604,67.136505,25.11558895,9.299079817,10.02392171,19.91250739,9.895755111,15.96364885,3.129470516,104.3282589,26.42963314,3.005480922,28.89713982,4.842,12.839,5.889,0,0,0,0,0,4.299,2,0,0,0,0,0,0,0,0,0,0,0,0,0,0,0,0,0,0.149,12.98464698,FlavorsandFragrances,3
790,178.25,6.602,7,51.9,40.7,0,7.4,0,4,1,6,0,0,0,0,0,0,0,0,0,0,594,3.387,0,3.358,0.574,62.723,9.7368,43.099,0.021,6.02,4.032,17.65,4.592,47.381,32.336,14.185,0,0,0,0,0,0,80.001,0,0,14.969,8.542,16.837,0,1,0.48,0.382,0,0,5.051,3,6,0,8,0,0,0,0,0,0,0,0,0,0,0,0,0,0,8.676,8.278,FlavorsandFragrances,3
867,170.28,5.676,1,60,33.3,0,6.7,0,9,1,6,0,0,0,0,0,0,0,0,0,0,500,3.744,0,3.5,1.087,56.596,9.3254,42.152,0.021,7.551,2.85,8.825,17.742,0,32.336,11,0,0,0,0,0,0,33.758,0,0,24.933,7.389,13.891,6.158,4,7.392,0.234,0,0,5.293,4,4,1,6,0,0,0,0,0,0,0,0,0,0,0,0,0,0,5.238,9.015,FlavorsandFragrances,3
767,176.23,7.049,8,48,44,0,8,0,2,1,6,0,0,0,0,0,0,0,0,0,0,616,3.676,0,2.634,0.589,64.747,9.6611,43.512,0.022,5.122,5.505,0,22.894,56.857,32.336,14.185,0,0,9.476,0,0,0,90.128,0,0,17.504,7.391,16.092,6.312,0,0.611,0,0,0,4.838,3,3,2,8,1,0,0,0,0,0,0,0,0,0,0,0,0,0,6.717,5.462,FlavorsandFragrances,3
765,172.3,5.384,1,62.5,31.3,0,6.3,0,9,0,0,0,0,0,0,0,0,0,0,0,0,265,8.636,0,3.031,0.504,45.974,11,49.978,0.018,7.916,3.485,17.65,19.8,0,32.336,11,0,0,0,0,0,0,44.641,0,0,26.991,6.066,13.492,6.158,2,6.716,0,0,0,4.99,3,3,2,6,2,0,0,0,0,0,0,0,0,0,0,0,0,0,7.186,11.46,FlavorsandFragrances,3
592,112.19,5.61,2,60,35,0,5,0,4,0,0,0,0,0,0,0,0,0,0,0,0,84,6.642,0,1.706,0.225,21.836,7,19.297,0.057,4.614,4.467,8.825,7.604,18.952,48.34,0,0,0,30.377,0,0,0,46.805,0,0,7.604,3.57,0,0,0,3.419,0,0,0,0,1,1,1,5,0,0,0,0,0,0,0,0,0,0,0,0,0,0,2.849,5.226,FlavorsandFragrances,3
646,140.25,5.394,2,61.5,34.6,0,3.8,0,6,0,0,0,0,0,0,0,0,0,0,0,0,165,8.571,0,2.414,0.469,34.343,9,31.491,0.035,6.131,5.017,8.825,12.673,18.952,48.34,0,0,0,30.377,0,0,0,51.875,0,0,12.673,3.742,0,0,0,6.156,0,0,0,0,1,1,1,7,0,0,0,0,0,0,0,0,0,0,0,0,0,0,5.469,10.23,FlavorsandFragrances,3
677,130.23,7.235,2,55.6,33.3,0,5.6,0,3,0,0,0,0,0,0,0,0,0,0,0,0,76,4.766,0,2.403,0.374,19.763,7,16.971,0.074,4.627,3.903,8.825,19.201,9.476,28.644,0,0,0,9.476,32.22,32.22,0,73.221,0,0,39.152,5.887,13.436,10.152,0,1.366,0,0,0,0,2,1,0,2,0,0,0,0,0,0,0,0,0,0,0,0,0,0,1.781,3.471,FlavorsandFragrances,3
550,184.31,5.585,2,60.6,33.3,0,6.1,0,8,0,0,0,0,0,0,0,0,0,0,0,0,326,9.29,0,3.487,0.425,52.132,12,54.076,0.017,8.043,4.5,26.476,12.196,18.952,32.336,11,0,0,18.952,0,0,0,64.815,0,0,19.387,6.547,13.72,6.158,2,2.914,0.388,0,0,5.009,3,3,2,7,3,0,0,0,0,0,0,0,0,0,0,0,0,0,8.206,10.192,FlavorsandFragrances,3
559,154.28,5.32,1,62.1,34.5,0,3.4,0,9,1,6,0,0,0,0,0,0,0,0,0,0,397,2.05,0,3.704,1.261,48.799,9.7062,27.919,0.04,7.196,3.518,17.65,12.673,0,30.278,0,0,0,0,0,0,0,35.457,0,0,17.806,9.596,15.094,5.379,0,5.533,1.011,0,0,0,2,3,0,8,0,0,0,0,0,0,0,0,0,0,0,0,0,0,5.558,7.846,FlavorsandFragrances,3
670,128.21,8.013,5,50,37.5,0,6.3,0,2,1,5,0,0,0,19.876,0,0,0,0,0,0,168,1.677,6.26,2.378,0.444,28.34,7.3192,14.738,0.071,3.771,3.375,7.19,0.9,30.692,0,9.507,17.22,0,0,32.22,32.22,0,76.45,0,0,38.568,6.984,16.174,0,0,0.979,0,0,0,0,2,1,0,1,0,0,0,0,0,0,0,0,0,0,0,0,0,0,0.889,3.147,FlavorsandFragrances,3
681,190.34,6.345,1,60,30,0,6.7,0,8,0,0,0,0,0,0,0,0,0,0,0,0,241,7.426,0,3.913,0.898,41.724,11,44.254,0.022,8.265,3.871,24.841,12.196,0,32.336,11,0,0,0,32.22,32.22,0,76.448,0,0,51.607,6.792,13.205,6.158,2,3.962,0.648,0,0,4.868,3,0,3,2,0,0,0,0,0,0,0,0,0,0,0,0,0,0,5.651,4.222,FlavorsandFragrances,3
842,174.22,6.701,2,53.8,30.8,0,15.4,0,6,0,0,0,0,0,0,0,0,0,0,0,0,244,6.741,0,2.11,0.3,42.303,11,47.908,0.019,5.963,7.348,17.65,14.254,0,64.673,22,0,0,0,0,0,0,46.287,0,0,28.636,6.355,14.223,6.85,6,0.905,0,0,0,9.247,6,4,0,1,1,0,0,0,0,0,0,0,0,0,0,0,0,0,1.257,0.623,FlavorsandFragrances,3
713,110.17,6.121,2,55.6,38.9,0,5.6,0,4,1,6,0,0,0,0,0,0,0,0,0,0,182,1.461,0,2.311,0.532,30.917,8.4152,13.456,0.078,4.173,1.788,8.825,7.604,9.476,30.278,3.186,0,0,9.476,0,0,0,34.224,0,0,15.923,6.939,15.42,0,0,2.935,0,0,0,0,2,2,0,5,0,0,0,0,0,0,0,0,0,0,0,0,0,0,1.679,2.552,FlavorsandFragrances,3
712,142.17,7.108,2,50,35,0,15,0,4,1,5,0,0,0,25.967,0,0,0,0,0,0,292,1.135,6.969,2.284,0.466,38.11,9.1143,23.918,0.04,4.449,9.68,17.65,2.535,0,89.205,0,0,0,5.243,0,0,0,30.562,0,0,12.911,10.135,17.361,0,5,0.611,-0.444,0,8.973,5.015,2,2,0,1,0,0,0,0,0,0,0,0,0,0,0,0,0,0,0.177,0.154,FlavorsandFragrances,3
557,158.27,5.458,1,62.1,31,0,6.9,0,8,0,0,0,0,0,0,0,0,0,0,0,0,212,9.636,0,2.754,0.527,39.992,10,43.145,0.022,7.157,3.028,17.65,17.265,0,32.336,11,0,0,0,0,0,0,42.107,0,0,24.456,5.184,12.949,6.158,2,6.602,0,0,0,4.783,3,1,2,5,1,0,0,0,0,0,0,0,0,0,0,0,0,0,5.651,7.39,FlavorsandFragrances,3
535,48.1,12.025,1,50,0,25,0,0,0,0,0,0,0,0,0,0,0,0,0,0,0,1,1.632,0,0,0,1.408,1,1.161,-0.103612462,0.579,6.465,17.76914724,18.86790974,65.89339604,67.136505,25.11558895,9.299079817,10.02392171,19.91250739,9.895755111,44.982,0,44.982,29.633,0,0,0,0,0,0,0,0,0,0,0,0,0,0,0,0,0,0,0,0,0,0,0,0,0,0,0,0,0,4.853,12.98464698,FlavorsandFragrances,3
513,150.25,6.01,6,56,36,8,0,0,5,1,6,0,0,0,0,0,0,0,0,0,0,409,2.302,0,3.186,0.678,49.898,9.6173,26.883,0.04,5.99,5.839,26.476,2.535,0,57.113,23.608,0,0,33.571,0,0,0,52.618,33.571,0,8.048,8.659,17.229,0,0,1.027,0.658,8.426,0,0,2,3,0,3,0,0,0,0,0,0,0,0,0,0,0,0,0,3,0.939,2.158,FlavorsandFragrances,3
462,158.27,5.458,1,62.1,31,0,6.9,0,8,0,0,0,0,0,0,0,0,0,0,0,0,186,4.967,0,2.83,0.303,35.216,10,38.791,0.023,7.157,3.695,26.476,12.196,0,32.336,11,0,0,0,0,0,0,45.863,0,0,19.387,7.859,14.53,6.158,2,3.501,0.062,0,0,4.996,3,5,1,5,0,0,0,0,0,0,0,0,0,0,0,0,0,0,5.651,8.617,FlavorsandFragrances,3
433,258.44,5.743,6,57.8,40,0,2.2,0,12,6,17,2,0,0,29.231,0,0,48.943,57.247,0,0,6801,1.637,7.516,7.678,2.804,192.893,18.3842,57.442,0.02,11.411,6.84,52.951,9.185,18.952,11,12.742,0,0,0,0,0,0,93.831,0,0,21.927,15.537,19.214,0,1,1.656,1.193,0,0,5.715,2,3,4,17,0,0,0,0,0,0,0,0,0,0,0,0,0,0,18.041,18.086,FlavorsandFragrances,3
746,158.27,5.458,1,62.1,31,0,6.9,0,8,0,0,0,0,0,0,0,0,0,0,0,0,202,7.534,0,2.678,0.357,38.253,10,41.896,0.021,7.157,2.945,17.65,17.265,0,32.336,11,0,0,0,0,0,0,42.107,0,0,24.456,6.066,13.492,6.158,2,5.377,0,0,0,4.946,3,3,1,5,1,0,0,0,0,0,0,0,0,0,0,0,0,0,5.651,8.58,FlavorsandFragrances,3
554,220.29,6.884,8,50,40.6,0,9.4,0,5,1,6,0,0,0,0,0,0,0,0,0,0,1034,5.274,0,3.506,0.836,89.635,10.7663,66.307,0.015,6.822,5.234,8.825,12.196,47.381,62.615,14.185,0,0,0,0,0,0,83.913,0,0,27.706,7.094,16.124,6.731,3,1.285,0,0,0,4.705,5,1,5,8,2,0,0,0,0,0,0,0,0,0,0,0,0,0,5.33,5.273,FlavorsandFragrances,3
777,194.25,6.937,7,50,39.3,0,10.7,0,4,1,6,0,0,0,0,0,0,0,0,0,0,780,4.592,0,2.736,0.549,75.676,9.9322,60.729,0.013,6.117,4.132,8.825,11.719,47.381,32.336,27.243,0,0,0,0,0,0,80.361,0,0,24.154,6.966,15.976,6.158,0,1.114,0,0,0,10.173,4,4,3,5,3,0,0,0,0,0,0,0,0,0,0,0,0,0,4.451,5.383,FlavorsandFragrances,3
629,113.2,8.086,5,50,35.7,7.1,0,0,2,1,5,0,0,0,15.767,0,0,0,0,0,0,117,0.858,6.503,2.553,0.316,22.726,7.5531,9.418,0.123,3.295,3.087,17.65,0,0,35.777,2.757,1.358,0,16.786,31.278,31.278,0,60.263,16.786,0,35.393,8,17.291,0,0,0,0,4.035,0,0,2,1,0,0,0,2,0,0,0,0,0,0,0,0,0,0,0,1,0.319,0.509,FlavorsandFragrances,3
758,160.31,6.166,0,61.5,30.8,0,3.8,0,8,1,6,0,0,0,0,0,0,0,0,0,0,327,2.851,0,4.377,1.598,43.416,9.0518,25.585,0.044,7.659,2.507,17.65,12.196,0,11,0,11.771,0,0,32.22,32.22,0,62.066,0,0,44.416,7.431,12.668,0,2,4.893,1.305,0,0,5.417,3,0,1,2,0,0,0,0,0,0,0,0,0,0,0,0,0,0,3.541,4.256,FlavorsandFragrances,3
487,128.14,7.538,2,47.1,35.3,0,17.6,0,3,1,5,0,0,0,22.367,0,0,0,0,0,0,220,0.889,6.952,2.029,0.291,32.332,8.7209,18.824,0.05,3.543,10.821,17.65,0,0,89.205,0,0,0,5.243,0,0,0,28.027,0,0,10.377,9.919,17.341,0,6,0,-0.495,0,8.842,4.866,2,1,0,0,0,0,0,0,0,0,0,0,0,0,0,0,0,0,0.599,0.017,FlavorsandFragrances,3
605,238.41,5.544,3,60.5,34.9,0,4.7,0,10,0,0,0,0,0,0,0,0,0,0,0,0,690,11.381,0,5.152,0.628,84.13,16,82.986,0.011,10.458,6.818,44.126,12.196,18.952,32.336,17.371,0,0,18.952,0,0,0,88.837,0,0,25.758,6.561,15.042,6.176,0,3.008,0.366,0,0,5.12,3,3,3,11,4,0,0,0,0,0,0,0,0,0,0,0,0,0,14.749,21.978,FlavorsandFragrances,3
474,158.27,5.458,1,62.1,31,0,6.9,0,8,0,0,0,0,0,0,0,0,0,0,0,0,194,7.534,0,3.153,0.307,36.591,10,40.241,0.022,7.157,3.75,26.476,12.196,0,32.336,11,0,0,0,0,0,0,45.863,0,0,19.387,6.081,13.538,6.158,2,2.977,0.615,0,0,4.954,3,3,2,5,0,0,0,0,0,0,0,0,0,0,0,0,0,0,5.651,7.424,FlavorsandFragrances,3
537,224.38,5.609,3,60,35,0,5,0,9,0,0,0,0,0,0,0,0,0,0,0,0,586,10.461,0,4.304,0.59,76.054,15,74.648,0.013,9.69,5.661,35.301,14.731,18.952,32.336,17.371,0,0,18.952,0,0,0,82.546,0,0,28.293,6.197,14.986,6.176,0,3.885,0,0,0,5.05,3,3,3,10,3,0,0,0,0,0,0,0,0,0,0,0,0,0,12.848,19.681,FlavorsandFragrances,3
859,172.3,5.384,1,62.5,31.3,0,6.3,0,9,0,0,0,0,0,0,0,0,0,0,0,0,237,7.089,0,3.349,0.884,41.142,11,41.297,0.027,7.854,5.574,17.65,15.207,0,68.738,0,0,0,0,0,0,0,33.767,0,0,16.117,6.842,13.246,5.889,0,5.948,0.626,0,8.483,0,1,1,2,8,0,0,0,0,0,0,0,0,0,0,0,0,0,0,7.186,11.737,FlavorsandFragrances,3
568,102.15,6.009,1,58.8,29.4,0,11.8,0,4,0,0,0,0,0,0,0,0,0,0,0,0,46,2.346,0,1.678,0,13.635,6,15.019,0.063,4.076,3.237,28.533,0,0,32.336,11,0,0,0,0,0,0,35.725,0,0,7.191,7.31,14.36,6.158,0,0,0.005,0,0,4.373,2,4,0,2,0,0,0,0,0,0,0,0,0,0,0,0,0,0,0.991,1.324,FlavorsandFragrances,3
612,150.29,5.182,3,62.1,37.9,0,0,0,5,0,0,0,0,0,0,0,0,0,0,0,0,220,9.221,0,2.545,0.442,41.638,10,35.646,0.032,6.787,6.454,8.825,25.905,47.381,0,0,0,0,47.381,0,0,0,82.111,0,0,10.138,3.792,0,0,0,5.163,0,0,0,0,0,0,0,10,2,0,0,0,0,0,0,0,0,0,0,0,0,0,14.851,16.891,FlavorsandFragrances,3
489,140.15,7.786,6,44.4,38.9,0,16.7,0,2,1,5,0,0,0,27.805,0,0,0,0,0,0,294,2.481,6.26,1.86,0.244,39.791,7.8557,28.442,0.029,3.409,4.32,8.825,4.592,30.692,32.336,20.507,17.22,0,0,0,0,0,56.75,0,0,17.233,7.028,16.221,6.176,0,0.225,0,0,0,4.654,4,1,1,1,0,0,0,0,0,0,0,0,0,0,0,0,0,0,0.087,1,FlavorsandFragrances,3
499,168.31,5.26,2,62.5,34.4,0,3.1,0,8,0,0,0,0,0,0,0,0,0,0,0,0,286,10.534,0,3.121,0.719,49.629,11,46.536,0.024,7.639,5.945,8.825,17.742,18.952,48.34,0,0,0,30.377,0,0,0,56.944,0,0,17.742,3.828,0,0,0,8.994,0,0,0,0,1,1,1,9,1,0,0,0,0,0,0,0,0,0,0,0,0,0,14.788,16.899,FlavorsandFragrances,3
577,126.22,5.488,2,60.9,34.8,0,4.3,0,5,0,0,0,0,0,0,0,0,0,0,0,0,108,7.416,0,2.522,0.246,24.79,8,22.118,0.05,5.374,3.542,26.476,5.069,9.476,30.278,3.186,0,0,9.476,0,0,0,49.34,0,0,13.388,5.359,14.164,5.379,0,1.586,0,0,0,0,2,1,2,5,0,0,0,0,0,0,0,0,0,0,0,0,0,0,4.086,3.216,FlavorsandFragrances,3
397,168.31,5.26,2,62.5,34.4,0,3.1,0,8,0,0,0,0,0,0,0,0,0,0,0,0,286,10.534,0,3.038,0.673,49.629,11,46.516,0.024,7.639,5.695,8.825,17.742,18.952,48.34,0,0,0,30.377,0,0,0,56.944,0,0,17.742,3.828,0,0,0,7.905,0,0,0,0,1,1,1,9,1,0,0,0,0,0,0,0,0,0,0,0,0,0,8.605,13.612,FlavorsandFragrances,3
718,182.24,6.75,6,51.9,37,0,11.1,0,5,1,5,0,0,0,40.244,0,0,0,0,0,0,560,4.016,6.26,3.338,0.371,59.762,8.9196,48.157,0.017,6.152,4.319,17.65,7.127,30.692,32.336,20.507,17.22,0,0,0,0,0,68.109,0,0,19.767,7.078,16.265,6.176,0,0.694,0.337,0,0,4.965,4,3,2,4,0,0,0,0,0,0,0,0,0,0,0,0,0,0,1.559,5.639,FlavorsandFragrances,3
722,170.28,5.676,2,60,33.3,0,6.7,0,7,0,0,0,0,0,0,0,0,0,0,0,0,237,5.69,0,3.29,0.294,40.913,11,43.184,0.021,7.273,4.996,35.301,7.127,9.476,32.336,14.185,0,0,9.476,0,0,0,62.281,0,0,17.504,7.86,15.909,0,2,1.463,0.587,0,0,4.998,3,5,2,6,0,0,0,0,0,0,0,0,0,0,0,0,0,0,6.621,9.909,FlavorsandFragrances,3
478,144.24,5.548,1,61.5,30.8,0,7.7,0,7,0,0,0,0,0,0,0,0,0,0,0,0,143,5.188,0,2.676,0.261,29.709,9,32.95,0.027,6.395,3.735,26.476,9.661,0,32.336,11,0,0,0,0,0,0,43.328,0,0,16.853,7.414,14.405,6.158,2,2.622,0.011,0,0,4.905,3,5,1,4,0,0,0,0,0,0,0,0,0,0,0,0,0,0,4.244,6.146,FlavorsandFragrances,3
804,172.3,5.384,1,62.5,31.3,0,6.3,0,9,0,0,0,0,0,0,0,0,0,0,0,0,244,8.636,0,4.001,0.343,42.097,11,46.138,0.019,7.916,4.965,35.301,9.661,0,32.336,11,0,0,0,0,0,0,52.154,0,0,16.853,6.552,13.756,6.158,2,2.075,1.008,0,0,5.025,3,3,2,6,0,0,0,0,0,0,0,0,0,0,0,0,0,0,7.186,8.86,FlavorsandFragrances,3
415,226.29,7.3,13,45.2,48.4,0,6.5,0,2,2,12,0,0,0,0,0,0,0,0,0,0,2062,3.542,0,3.738,0.974,116.524,10.1166,69.672,0.012,6.035,4.031,0,7.127,94.762,32.336,17.371,0,0,0,0,0,0,115.452,0,0,20.689,8.538,17.165,0,2,1.164,0,0,0,5.193,3,5,3,13,8,0,0,0,0,0,0,0,0,0,0,0,0,0,14.212,12.889,FlavorsandFragrances,3
848,140.25,5.394,2,61.5,34.6,0,3.8,0,5,0,0,0,0,0,0,0,0,0,0,0,0,165,8.597,0,2.111,0.362,34.343,9,30.875,0.036,6.253,4.836,8.825,7.604,80.588,0,0,0,0,37.905,0,0,0,54.334,0,0,7.604,3.742,0,0,0,3.405,0,0,8.364,0,0,0,0,7,0,0,0,0,0,0,0,0,0,0,0,0,0,0,5.469,6.238,FlavorsandFragrances,3
422,126.29,11.481,0,54.5,18.2,0,0,0,2,0,0,0,0,0,0,0,0,0,0,0,0,20,5.052,0,4.837,0,8.289,4,6.427,0.275,6.259,2.312,14.381,0,0,0,0,0,0,0,88.507,88.507,0,102.888,0,0,88.507,2.732,0,0,0,0,0,0,0,0,0,0,0,0,0,0,0,0,0,0,0,0,0,0,0,0,0,0,0.713,3.906,FlavorsandFragrances,3
819,258.39,6.302,9,53.7,41.5,0,4.9,0,6,1,6,0,0,0,0,0,0,0,0,0,0,1607,6.731,0,4.835,0.891,120.787,12.0383,92.477,0.01,9.372,6.301,26.476,9.661,66.334,32.336,20.557,0,0,18.952,0,0,0,119.219,0,0,26.41,8.538,16.95,0,0,2.389,0,0,0,5.195,3,5,3,14,7,0,0,0,0,0,0,0,0,0,0,0,0,0,18.856,24.776,FlavorsandFragrances,3
724,154.28,5.32,2,62.1,34.5,0,3.4,0,7,0,0,0,0,0,0,0,0,0,0,0,0,220,9.416,0,2.767,0.594,41.638,10,38.658,0.028,6.886,5.504,8.825,15.207,18.952,48.34,0,0,0,30.377,0,0,0,54.409,0,0,15.207,3.792,0,0,0,7.566,0,0,0,0,1,1,1,8,0,0,0,0,0,0,0,0,0,0,0,0,0,0,12.631,13.356,FlavorsandFragrances,3
543,172.3,5.384,1,62.5,31.3,0,6.3,0,9,0,0,0,0,0,0,0,0,0,0,0,0,240,8.636,0,4.212,0.555,41.371,11,41.415,0.026,7.854,9.476,26.476,10.138,42.683,48.34,0,0,0,11.424,0,0,0,48.038,0,0,10.138,9.951,14.735,0,8,3.489,0.463,0,9.391,0,1,1,1,5,0,0,0,0,0,0,0,0,0,0,0,0,0,0,3.492,3.678,FlavorsandFragrances,3
468,192.28,6.409,7,53.3,40,0,6.7,0,5,1,6,0,0,0,0,0,0,0,0,0,0,682,4.089,0,4.016,0.715,67.288,10.1338,46.203,0.021,6.864,5.45,26.476,2.535,47.381,32.336,14.185,0,0,0,0,0,0,86.768,0,0,12.911,11.168,16.481,6.158,8,0.743,0,0,0,5.203,5,1,3,7,0,0,0,0,0,0,0,0,0,0,0,0,0,0,8.753,6.292,FlavorsandFragrances,3
775,194.25,6.937,7,50,39.3,0,10.7,0,4,1,6,0,0,0,0,0,0,0,0,0,0,804,4.062,0,3.095,0.769,72.614,10.2654,50.534,0.021,6.141,7.955,10.883,7.604,37.905,68.738,19.429,0,0,0,0,0,0,65.731,0,0,16.942,7.338,16.742,5.889,0,1.712,0,0,8.454,5.018,3,3,3,7,0,0,0,0,0,0,0,0,0,0,0,0,0,0,4.451,5.594,FlavorsandFragrances,3
395,114.16,6.342,2,55.6,33.3,0,11.1,0,3,0,0,0,0,0,0,0,0,0,0,0,0,70,3.112,0,1.764,0.071,18.181,7,17.266,0.061,4.115,10.187,8.825,18.301,9.476,68.738,0,0,0,9.476,0,0,0,37.513,0,0,3.444,7.405,14.254,5.889,0,0.551,-0.285,0,8.265,0,1,2,0,4,0,0,0,0,0,0,0,0,0,0,0,0,0,0,1.602,2.02,FlavorsandFragrances,3
571,177.22,7.384,8,45.8,41.7,4.2,8.3,0,1,1,6,0,0,0,0,0,0,0,0,0,0,615,2.509,0,2.474,0.516,64.144,10.3712,40.192,0.023,4.802,9.722,0,20.359,80.278,32.336,16.942,0,0,9.476,0,0,0,80.874,32.897,0,17.726,9.619,17.72,0,0,0.202,0,0,0,4.821,3,3,0,5,0,0,0,0,0,0,0,0,0,0,0,0,0,3,6.307,2.42,FlavorsandFragrances,3
491,142.27,5.081,1,64.3,32.1,0,3.6,0,7,0,0,0,0,0,0,0,0,0,0,0,0,165,8.851,0,2.453,0.466,34.343,9,33.032,0.033,6.82,4.611,8.825,12.673,61.636,0,0,0,0,18.952,0,0,0,40.45,0,0,12.673,3.742,0,0,2,5.993,0,0,8.451,0,0,0,0,7,0,0,0,0,0,0,0,0,0,0,0,0,0,0,5.983,7.88,FlavorsandFragrances,3
643,210.3,6.373,6,54.5,36.4,0,9.1,0,7,1,5,0,0,0,49.01,0,0,0,0,0,0,844,5.503,6.26,3.551,0.678,80.003,9.6909,68.414,0.013,7.857,4.219,8.825,17.265,30.692,32.336,20.507,17.22,0,0,0,0,0,69.422,0,0,29.905,7.054,16.249,6.176,0,5.157,0,0,0,5.034,4,3,4,6,2,0,0,0,0,0,0,0,0,0,0,0,0,0,3.317,12.191,FlavorsandFragrances,3
524,192.23,7.393,7,46.2,42.3,0,11.5,0,4,3,11,1,0,0,28.787,0,0,50.653,0,0,0,1552,2.025,6.581,3.505,0.892,95.42,11.9559,42.641,0.024,5.307,5.317,8.825,9.185,28.429,48.34,35.672,23.542,0,11.424,0,0,0,71.535,0,0,22.857,9.266,17.771,0,0,1.044,0.051,0,0,10.437,3,6,3,6,0,0,0,0,0,0,0,0,0,0,0,0,0,0,2.496,4.855,FlavorsandFragrances,3
624,220.39,5.51,1,60,37.5,0,2.5,0,13,6,16,2,18.131,21.39,0,0,0,48.142,54.093,60.155,66.106,4136,1.677,8.091,7.06,2.69,139.396,14.237,49.753,0.021,10.499,4.67,26.476,28.44,0,11,3.186,0,0,0,0,0,0,58.101,0,0,15.858,13.89,17.382,0,7,6.356,2.209,0,0,5.864,3,2,3,12,0,0,0,0,0,0,0,0,0,0,0,0,0,0,13.849,12.385,FlavorsandFragrances,3
424,138.13,8.633,7,37.5,43.8,0,18.8,0,0,1,6,0,0,0,0,0,0,0,0,0,0,314,1.646,0,1.852,0.366,41.386,8.9537,21.099,0.049,2.563,22.288,0,0,37.905,111.421,3.186,0,0,0,0,0,0,42,0,0,4.095,8.192,17.152,0,0,0,0,0,17.14,0,1,2,0,4,0,0,0,0,0,0,0,0,0,0,0,0,0,0,1.282,1.362,FlavorsandFragrances,3
710,130.21,5.661,0,60.9,30.4,0,8.7,0,7,1,5,0,0,0,23.176,0,0,0,0,0,0,230,1.955,6.529,2.498,0.518,33.513,7.9112,24.873,0.034,6.083,2.481,17.65,9.661,0.36,22,0,11.771,0,0,0,0,0,27.671,0,0,9.661,7.561,12.878,0,3,2.937,0.395,0,0,10.663,3,3,0,2,0,0,0,0,0,0,0,0,0,0,0,0,0,0,1.153,1.919,FlavorsandFragrances,3
627,184.31,5.585,2,60.6,33.3,0,6.1,0,8,0,0,0,0,0,0,0,0,0,0,0,0,318,6.53,0,3.145,0.418,50.876,12,52.811,0.017,8.043,4.445,26.476,12.196,18.952,32.336,11,0,0,18.952,0,0,0,64.815,0,0,19.387,7.859,14.531,6.158,2,3.235,0.037,0,0,5.051,3,5,2,7,3,0,0,0,0,0,0,0,0,0,0,0,0,0,8.206,11.582,FlavorsandFragrances,3
761,146.21,6.092,1,58.3,29.2,0,12.5,0,6,0,0,0,0,0,0,0,0,0,0,0,0,138,5.152,0,2.223,0.282,28.705,9,31.038,0.032,5.9,8.896,19.708,7.604,42.683,32.336,11,0,0,0,0,0,0,34.503,0,0,14.795,6.785,13.728,6.158,2,1.664,-0.53,0,9.05,4.368,2,0,2,2,0,0,0,0,0,0,0,0,0,0,0,0,0,0,0.793,0.911,FlavorsandFragrances,3
404,192.28,6.409,7,53.3,40,0,6.7,0,5,1,6,0,0,0,0,0,0,0,0,0,0,752,4.089,0,3.558,0.662,73.002,9.97,52.857,0.017,6.864,4.613,17.65,7.127,47.381,32.336,14.185,0,0,0,0,0,0,82.535,0,0,17.504,7.421,16.099,6.158,2,1.264,-0.036,0,0,5.068,3,5,3,9,2,0,0,0,0,0,0,0,0,0,0,0,0,0,8.753,9.334,FlavorsandFragrances,3
879,172.3,5.384,1,62.5,31.3,0,6.3,0,9,0,0,0,0,0,0,0,0,0,0,0,0,237,7.089,0,3.135,0.692,41.165,11,44.445,0.021,7.916,4.373,26.476,12.673,0,32.336,11,0,0,0,0,0,0,46.34,0,0,19.864,7.118,13.478,6.158,4,5.573,0.147,0,0,5.107,4,2,2,5,0,0,0,0,0,0,0,0,0,0,0,0,0,0,7.186,10.007,FlavorsandFragrances,3
518,156.27,7.103,5,54.5,36.4,0,4.5,0,4,1,5,0,0,0,27.805,0,0,0,0,0,0,294,2.966,6.26,4.004,0.833,39.791,7.8557,24.04,0.046,5.793,4.844,17.65,0.9,30.692,0,9.507,17.22,0,0,32.22,32.22,0,86.91,0,0,38.568,7.028,16.181,0,6,0.991,0.685,0,0,0,2,1,0,1,0,0,0,0,0,0,0,0,0,0,0,0,0,0,2.655,6.251,FlavorsandFragrances,3
785,136.16,7.564,7,44.4,44.4,0,11.1,0,1,1,6,0,0,0,0,0,0,0,0,0,0,320,1.434,0,2.18,0.446,42.428,9.4033,19.328,0.056,3.413,5.444,8.825,0,28.429,91.024,6.371,0,0,11.424,0,0,0,55.049,0,0,6.371,8.64,17.674,0,0,0,0,0,9.06,0,1,1,1,5,0,0,0,0,0,0,0,0,0,0,0,0,0,0,4.002,3.27,FlavorsandFragrances,3
674,114.16,6.342,2,55.6,33.3,0,11.1,0,3,0,0,0,0,0,0,0,0,0,0,0,0,79,6.605,0,1.478,0.155,20.479,7,18.725,0.056,4.115,7.57,8.825,5.069,18.952,68.738,0,0,0,18.952,0,0,0,33.757,0,0,5.979,5.181,13.13,6.05,0,1.057,0,0,8.089,0,1,1,1,4,0,0,0,0,0,0,0,0,0,0,0,0,0,0,1.602,1.852,FlavorsandFragrances,3
665,128.19,6.104,2,57.1,33.3,0,9.5,0,4,0,0,0,0,0,0,0,0,0,0,0,0,110,5.244,0,1.66,0.199,25.412,8,24.981,0.04,4.927,3.155,19.708,5.069,18.952,32.336,11,0,0,18.952,0,0,0,50.921,0,0,12.26,5.891,13.561,6.296,0,1.362,0,0,0,4.407,2,2,2,4,0,0,0,0,0,0,0,0,0,0,0,0,0,0,2.621,2.599,FlavorsandFragrances,3
705,136.21,6.191,6,54.5,40.9,0,4.5,0,3,1,6,0,0,0,0,0,0,0,0,0,0,314,1.585,0,2.714,0.48,42.487,9.3487,19.919,0.056,5.16,6.385,17.65,0,37.905,42.683,3.186,0,0,0,0,0,0,58.741,0,0,3.186,9.387,17.405,0,0,0,0.404,0,9.281,0,0,0,0,7,0,0,0,0,0,0,0,0,0,0,0,0,0,0,6.299,7.6,FlavorsandFragrances,3
633,58.09,5.809,1,60,30,0,10,0,2,0,0,0,0,0,0,0,0,0,0,0,0,9,3.053,0,0.908,0,4.663,3,4.121,0.261,2.209,1.773,17.65,0,0,30.278,0,0,0,0,0,0,0,22.784,0,0,5.133,4,12.226,5.379,0,0,0,0,0,0,2,0,0,0,0,0,0,0,0,0,0,0,0,0,0,0,0,0,0.041,0.06,FlavorsandFragrances,3
438,150.2,7.152,7,47.6,38.1,9.5,4.8,0,3,1,6,0,0,0,0,0,0,0,0,0,0,399,1.615,0,2.502,0.381,47.843,9.8364,24.501,0.042,4.272,3.144,26.476,0,0,75.621,17.318,0,0,33.571,0,0,0,48.927,33.571,0,13.404,9.468,17.949,0,0,0,0,8.077,0,0,3,3,1,0,0,0,0,0,0,0,0,0,0,0,0,0,0,4,0,0.069,FlavorsandFragrances,3
640,198.34,5.509,2,61.1,33.3,0,5.6,0,9,0,0,0,0,0,0,0,0,0,0,0,0,397,10.377,0,4.083,0.693,58.822,13,61.472,0.016,8.809,5.725,26.476,30.497,0,32.336,14.185,0,0,0,0,0,0,67.35,0,0,25.107,6.12,13.731,6.158,2,5.016,0.633,0,0,4.883,3,1,3,8,1,0,0,0,0,0,0,0,0,0,0,0,0,0,9.895,12.125,FlavorsandFragrances,3
617,178.25,6.602,7,51.9,40.7,0,7.4,0,3,1,6,0,0,0,0,0,0,0,0,0,0,649,2.685,0,2.66,0.65,63.291,10.5088,39.103,0.026,6.175,6.483,17.65,4.592,47.381,42.683,19.429,0,0,18.952,0,0,0,78.053,0,0,13.021,8.765,17.706,0,3,0.566,0,0,9.49,5.196,2,2,1,6,1,0,0,0,0,0,0,0,0,0,0,0,0,0,5.768,8.117,FlavorsandFragrances,3
748,208.28,6.719,7,51.6,38.7,0,9.7,0,5,1,6,0,0,0,0,0,0,0,0,0,0,891,3.82,0,3.836,0.626,80.901,11.0761,57.531,0.016,7.006,7.899,17.65,7.127,37.905,75.02,14.185,0,0,0,0,0,0,73.059,0,0,17.504,9.619,17.721,0,2,1.226,0.502,0,9.389,5.021,3,3,2,7,2,0,0,0,0,0,0,0,0,0,0,0,0,0,10.048,8.991,FlavorsandFragrances,3
442,142.22,5.926,2,58.3,33.3,0,8.3,0,5,0,0,0,0,0,0,0,0,0,0,0,0,158,8.533,0,2.063,0.268,32.778,9,33.346,0.027,5.718,3.238,17.65,9.661,18.952,32.336,11,0,0,18.952,0,0,0,53.456,0,0,16.853,5.184,12.974,6.176,0,2.604,0,0,0,4.663,3,1,2,4,0,0,0,0,0,0,0,0,0,0,0,0,0,0,3.813,3.813,FlavorsandFragrances,3
419,130.21,5.661,1,60.9,30.4,0,8.7,0,6,0,0,0,0,0,0,0,0,0,0,0,0,102,5.508,0,2.289,0.177,23.544,8,26.299,0.033,5.628,3.864,26.476,5.069,0,32.336,11,0,0,0,0,0,0,38.736,0,0,12.26,6.534,13.71,6.158,6,1.406,0.032,0,0,4.852,4,2,0,2,0,0,0,0,0,0,0,0,0,0,0,0,0,0,2.981,3.499,FlavorsandFragrances,3
572,186.28,6.009,0,58.1,32.3,0,9.7,0,10,2,12,0,0,0,0,0,0,0,0,0,0,1174,2.035,0,4.388,1.705,75.673,10.7431,42.901,0.02,8.207,4.949,8.825,19.323,42.683,22,0,0,0,0,0,0,0,28.148,0,0,19.323,12.764,15.807,0,0,5.303,0.256,0,9.239,11.234,4,4,0,5,0,0,0,0,0,0,0,0,0,0,0,0,0,0,1.421,0.94,FlavorsandFragrances,3
841,136.17,7.565,7,44.4,38.9,11.1,5.6,0,2,1,6,0,0,0,0,0,0,0,0,0,0,314,1.393,0,2.047,0.304,42.487,9.3487,20.164,0.051,3.355,2.827,17.65,0,0,87.392,23.608,0,0,33.571,0,0,0,46.392,33.571,0,10.647,9.387,17.683,0,0,0,0,7.783,0,0,2,2,0,0,0,0,0,0,0,0,0,0,0,0,0,0,0,3,0.115,0,FlavorsandFragrances,3
502,190.31,5.947,4,56.3,40.6,0,3.1,0,6,1,6,0,0,0,0,0,0,0,0,0,0,729,2.241,0,4.413,0.9,69.82,11.8242,36.481,0.031,7.471,6.045,35.301,2.535,37.905,30.278,6.371,0,0,37.905,0,0,0,87.245,0,0,14.039,13.256,18.11,0,0,0.947,0,0,0,0,2,3,0,11,0,0,0,0,0,0,0,0,0,0,0,0,0,0,8.452,11.579,FlavorsandFragrances,3
587,147.19,7.36,10,45,45,5,5,0,1,2,10,0,0,0,55.422,0,0,0,0,0,0,680,1.476,6.952,2.435,0.446,55.761,8.5217,27.76,0.032,4.092,4.049,0,2.106,67.739,0,11.406,40.762,0,0,0,0,0,75.294,1.899,0,7.555,7.716,16.948,0,0,0.819,0,0,0,0,4,1,0,2,0,0,0,0,0,0,0,0,0,0,0,0,0,1,0.772,4.445,FlavorsandFragrances,3
505,152.26,5.639,1,59.3,37,0,3.7,0,9,3,10,2,0,0,43.39,0,0,0,0,0,0,729,0.606,7.978,4.917,1.755,52.939,10.7278,22.309,0.05,6.824,4.12,26.476,7.604,0,30.278,0,0,0,0,0,0,0,39.213,0,0,12.737,16.809,18.08,5.379,0,3.252,0.681,0,0,0,2,4,0,9,0,0,0,0,0,0,0,0,0,0,0,0,0,0,5.558,3.747,FlavorsandFragrances,3
797,196.37,5.168,2,63.2,34.2,0,2.6,0,10,0,0,0,0,0,0,0,0,0,0,0,0,455,12.512,0,3.828,0.969,67.694,13,64.409,0.017,9.142,6.727,8.825,22.811,18.952,48.34,0,0,0,30.377,0,0,0,62.013,0,0,22.811,3.878,0,0,0,11.884,0,0,0,0,1,1,1,11,3,0,0,0,0,0,0,0,0,0,0,0,0,0,19.345,25.233,FlavorsandFragrances,3
735,170.28,5.676,1,60,33.3,0,6.7,0,9,1,6,0,0,0,0,0,0,0,0,0,0,522,4.313,0,3.633,1.305,58.558,9.2479,43.468,0.021,7.551,2.734,8.825,19.8,0,32.336,11,0,0,0,0,0,0,35.816,0,0,26.991,6.968,13.267,6.158,2,8.488,0.818,0,0,4.906,3,1,3,7,0,0,0,0,0,0,0,0,0,0,0,0,0,0,5.238,6.753,FlavorsandFragrances,3
552,144.24,5.548,1,61.5,30.8,0,7.7,0,7,0,0,0,0,0,0,0,0,0,0,0,0,130,4.168,0,2.795,0.28,26.957,9,29.992,0.03,6.395,4.897,35.301,2.535,0,32.336,11,0,0,0,0,0,0,45.027,0,0,9.726,7.996,14.634,6.158,6,0.853,0.059,0,0,4.964,4,4,0,3,0,0,0,0,0,0,0,0,0,0,0,0,0,0,4.244,5.443,FlavorsandFragrances,3
868,178.25,6.602,7,51.9,40.7,0,7.4,0,4,1,6,0,0,0,0,0,0,0,0,0,0,601,3.859,0,3.201,0.567,63.051,9.6851,42.859,0.022,6.02,4.294,17.65,2.535,47.381,32.336,14.185,0,0,0,0,0,0,77.943,0,0,12.911,7.46,16.11,6.296,6,0.36,-0.031,0,0,5.015,4,2,2,7,0,0,0,0,0,0,0,0,0,0,0,0,0,0,7.169,5.985,FlavorsandFragrances,3
407,156.22,8.679,6,44.4,38.9,0,11.1,0,2,1,5,0,0,0,27.805,0,0,0,0,0,0,294,2.743,6.26,3.012,0.622,39.791,7.8557,23.357,0.046,3.389,3.003,8.825,0.9,30.692,28.644,9.507,17.22,0,0,32.22,32.22,0,81.584,0,0,42.067,7.028,16.221,10.152,0,0.641,0,0,0,0,4,1,1,1,0,0,0,0,0,0,0,0,0,0,0,0,0,0,0.101,2.427,FlavorsandFragrances,3
824,154.28,5.32,2,62.1,34.5,0,3.4,0,7,0,0,0,0,0,0,0,0,0,0,0,0,174,4.773,0,3.606,0.436,32.784,10,29.493,0.039,6.886,7.082,35.301,2.535,9.476,48.34,3.186,0,0,20.9,0,0,0,61.921,0,0,5.72,8.053,15.455,0,0,1.006,1.009,0,0,0,1,2,2,8,0,0,0,0,0,0,0,0,0,0,0,0,0,0,6.98,10.472,FlavorsandFragrances,3
849,154.28,5.32,0,62.1,34.5,0,3.4,0,10,3,12,3,0,0,0,0,0,0,0,0,0,772,1.1,0,4.93,1.955,54.943,10.6535,25.296,0.038,7.692,2.718,26.476,10.138,0,11,0,0,0,0,0,0,0,36.614,0,0,10.138,13.163,16.579,0,14,5.315,0.823,0,0,6.06,6,2,0,4,0,0,0,0,0,0,0,0,0,0,0,0,0,0,6.262,4.613,FlavorsandFragrances,3
808,168.26,6.009,2,57.1,35.7,0,7.1,0,7,0,0,0,0,0,0,0,0,0,0,0,0,270,8.195,0,2.604,0.459,46.731,11,44.692,0.024,6.572,4.35,19.708,12.673,0,32.336,11,34.061,0,34.061,0,0,0,73.633,0,0,19.864,5.892,14.937,7.215,0,5.559,0,0,0,4.365,2,2,2,7,0,0,0,0,0,0,0,0,0,0,0,0,0,0,6.621,12.423,FlavorsandFragrances,3
812,133.21,6.343,6,52.4,42.9,4.8,0,0,3,3,12,1,0,0,0,0,0,0,29.717,0,0,751,1.08,0,2.687,1,69.062,14.0354,19.12,0.054,4.985,3.591,0,7.175,37.905,18.011,5.942,0,0,18.011,0,0,0,51.022,18.011,0,13.117,9.043,17.331,0,2,3.65,0,0,0,0,0,0,0,6,0,0,0,0,0,0,0,0,0,0,0,0,0,3,4.485,4.707,FlavorsandFragrances,3
417,198.34,5.509,2,61.1,33.3,0,5.6,0,9,0,0,0,0,0,0,0,0,0,0,0,0,420,10.377,0,3.346,0.595,62.634,13,64.884,0.014,8.809,4.229,17.65,19.8,18.952,32.336,11,0,0,18.952,0,0,0,63.594,0,0,26.991,6.092,13.504,6.158,2,6.21,0,0,0,5.045,3,3,4,8,4,0,0,0,0,0,0,0,0,0,0,0,0,0,9.895,14.846,FlavorsandFragrances,3
644,88.12,6.294,1,57.1,28.6,0,14.3,0,3,0,0,0,0,0,0,0,0,0,0,0,0,32,5.016,0,1.144,0,11.059,5,11.113,0.091,3.27,9.043,8.825,5.069,0,68.738,0,0,0,0,0,0,0,14.804,0,0,5.979,5.118,12.932,5.889,0,1.023,0,0,7.913,0,1,1,0,2,0,0,0,0,0,0,0,0,0,0,0,0,0,0,0.344,0.798,FlavorsandFragrances,3
866,188.25,6.491,1,55.2,31,0,13.8,0,8,1,5,0,0,0,38.333,0,0,0,0,0,0,533,3.066,6.783,3.355,0.646,55.611,9.4347,48.751,0.018,7.169,6.057,26.476,11.719,0,54.336,11,0,0,0,0,0,0,45.386,0,0,18.911,12.034,15.842,6.158,6,1.089,0.055,0,0,15.595,8,1,4,0,0,0,0,0,0,0,0,0,0,0,0,0,0,0,0.559,0.312,FlavorsandFragrances,3
620,174.21,7.574,8,43.5,47.8,0,8.7,0,2,3,11,1,0,0,22.547,0,0,42.396,0,0,0,1326,1.295,7.018,2.912,0.898,88.703,13.2324,31.512,0.033,4.296,3.106,8.825,2.535,47.381,37.58,17.371,0,0,14.72,0,0,0,77.547,0,0,21.34,10.905,18.381,0,0,0.872,0,0,0,5.094,4,5,1,8,0,0,0,0,0,0,0,0,0,0,0,0,0,0,8.178,6.485,FlavorsandFragrances,3
737,186.33,5.324,1,62.9,31.4,0,5.7,0,10,0,0,0,0,0,0,0,0,0,0,0,0,324,9.551,0,3.86,0.513,51.865,12,56.231,0.016,8.673,4.581,26.476,17.265,0,32.336,11,0,0,0,0,0,0,50.932,0,0,24.456,6.106,13.548,6.158,2,5.393,0.614,0,0,5.06,3,3,4,7,3,0,0,0,0,0,0,0,0,0,0,0,0,0,8.834,13.228,FlavorsandFragrances,3
450,124.16,7.304,6,47.1,35.3,11.8,5.9,0,2,1,6,0,0,0,0,0,0,0,0,0,0,247,1.239,0,1.651,0.256,37.216,8.9209,19.469,0.048,3.546,3.265,19.708,0,0,57.113,31.851,4.815,0,33.571,0,0,0,45.374,33.571,0,7.571,8.475,17.203,0,0,0,0,7.874,0,4.871,1,2,0,0,0,0,0,0,0,0,0,0,0,0,0,0,0,2,0.044,0.112,FlavorsandFragrances,3
793,220.34,6.121,7,55.6,38.9,0,5.6,0,7,1,6,0,0,0,0,0,0,0,0,0,0,950,4.971,0,4.646,0.894,83.442,10.903,62.579,0.015,8.51,6.359,26.476,7.604,47.381,32.336,14.185,0,0,0,0,0,0,91.837,0,0,17.981,11.183,16.508,6.158,8,2.085,0,0,0,5.443,5,3,3,9,3,0,0,0,0,0,0,0,0,0,0,0,0,0,12.208,13.187,FlavorsandFragrances,3
473,136.21,6.191,6,54.5,40.9,0,4.5,0,3,1,6,0,0,0,0,0,0,0,0,0,0,314,1.218,0,2.673,0.547,42.116,9.8061,18.444,0.061,5.16,6.034,26.476,0,18.952,42.683,9.557,0,0,0,0,0,0,54.985,0,0,9.557,9.684,18.355,0,0,0,0,0,9.387,0,0,0,0,7,0,0,0,0,0,0,0,0,0,0,0,0,0,0,6.299,9.128,FlavorsandFragrances,3
631,99.2,4.96,0,65,30,5,0,0,6,1,6,0,0,0,0,0,0,0,0,0,0,131,1.476,0,2.364,0.698,25.812,7.8978,13.871,0.07,5.215,2.471,8.396,11.815,0,0,3.124,0,0,0,0,0,0,20.211,3.124,0,11.815,6.124,11.367,0.188,4,6.914,0,0,0,0,2,1,0,2,0,0,0,0,0,0,0,0,0,0,0,0,0,1,1.428,1.531,FlavorsandFragrances,3
734,116.18,5.809,1,60,30,0,10,0,5,0,0,0,0,0,0,0,0,0,0,0,0,70,3.344,0,1.907,0.167,18.181,7,20.361,0.044,4.856,3.126,26.476,4.592,0,32.336,11,0,0,0,0,0,0,38.259,0,0,11.784,7.405,14.399,6.158,3,0.483,0.009,0,0,4.664,3,4,0,2,0,0,0,0,0,0,0,0,0,0,0,0,0,0,1.886,2.248,FlavorsandFragrances,3
835,180.22,7.209,7,48,40,0,12,0,3,1,6,0,0,0,0,0,0,0,0,0,0,637,3.362,0,2.678,0.564,63.811,9.823,46.596,0.018,5.218,4.247,19.708,4.592,37.905,32.336,30.429,0,0,0,0,0,0,77.826,0,0,20.213,7.188,16.678,6.347,0,-0.042,0,0,0,9.571,2,2,4,5,0,0,0,0,0,0,0,0,0,0,0,0,0,0,3.306,4.93,FlavorsandFragrances,3
702,162.2,7.373,8,45.5,45.5,0,9.1,0,1,1,6,0,0,0,0,0,0,0,0,0,0,510,3.037,0,2.267,0.489,57.386,9.2816,33.336,0.031,4.219,3.133,10.883,0,66.334,32.336,14.185,0,0,18.952,0,0,0,87.594,0,0,10.377,7.018,16.331,0,0,0,0,0,0,4.446,2,2,4,8,0,0,0,0,0,0,0,0,0,0,0,0,0,0,5.291,4.636,FlavorsandFragrances,3
779,122.19,6.431,6,52.6,36.8,10.5,0,0,3,1,6,0,0,0,0,0,0,0,0,0,0,247,1.257,0,1.942,0.319,37.216,8.9209,17.233,0.061,4.348,4.226,17.65,2.535,0,57.113,23.608,0,0,33.571,0,0,0,43.793,33.571,0,8.048,8.475,17.203,0,0,0.972,0,8.222,0,0,2,3,0,1,0,0,0,0,0,0,0,0,0,0,0,0,0,3,0.101,0.579,FlavorsandFragrances,3
662,114.16,6.342,2,55.6,33.3,0,11.1,0,4,0,0,0,0,0,0,0,0,0,0,0,0,68,2.305,0,1.553,0.125,17.676,7,16.534,0.067,3.968,4.764,17.65,5.069,0,60.557,0,0,0,0,0,0,0,32.986,0,0,15.336,7.781,15.611,0,0,0.68,0,0,0,0,2,4,0,2,0,0,0,0,0,0,0,0,0,0,0,0,0,0,0.206,0.682,FlavorsandFragrances,3
741,122.13,8.142,7,40,46.7,0,13.3,0,0,1,6,0,0,0,0,0,0,0,0,0,0,239,1.372,0,1.671,0.33,36.089,8.4791,16.263,0.064,2.492,10.077,0,0,47.381,68.738,3.186,0,0,0,0,0,0,51.477,0,0,4.095,8.139,16.759,0,0,0,0,0,8.385,0,1,2,0,6,0,0,0,0,0,0,0,0,0,0,0,0,0,0,2.89,2.058,FlavorsandFragrances,3
573,178.3,5.752,6,58.1,38.7,0,3.2,0,6,1,6,0,0,0,0,0,0,0,0,0,0,630,2.562,0,3.613,0.884,62.443,10.7526,37.669,0.028,7.579,5.881,35.301,4.592,28.429,0,22.614,0,0,0,0,0,0,79.937,0,0,16.207,9.033,17.737,0,3,0.738,0.569,0,0,5.527,3,3,0,8,0,0,0,0,0,0,0,0,0,0,0,0,0,0,11.463,14.767,FlavorsandFragrances,3
546,126.17,6.641,2,52.6,36.8,0,10.5,0,5,1,5,0,0,0,22.367,0,0,0,0,0,0,220,0.893,6.952,2.766,0.511,32.332,8.7209,17.107,0.062,4.192,5.117,17.65,2.535,0,60.557,0,0,0,0,0,0,0,30.452,0,0,12.801,9.919,16.513,0,0,0.748,-0.042,0,0,0,2,6,0,4,0,0,0,0,0,0,0,0,0,0,0,0,0,0,0.172,0.852,FlavorsandFragrances,3
855,170.28,5.676,2,60,33.3,0,6.7,0,7,0,0,0,0,0,0,0,0,0,0,0,0,265,8.377,0,2.693,0.367,45.974,11,47.287,0.019,7.273,3.508,17.65,14.731,18.952,32.336,11,0,0,18.952,0,0,0,58.525,0,0,21.922,6.066,13.509,6.176,0,4.017,0,0,0,4.903,3,3,2,6,2,0,0,0,0,0,0,0,0,0,0,0,0,0,6.621,9.46,FlavorsandFragrances,3
453,149.26,5.741,3,57.7,38.5,3.8,0,0,5,0,0,0,0,0,0,0,0,0,0,0,0,194,6.864,0,2.94,0.332,36.591,10,30.821,0.036,5.896,7.92,26.476,5.069,18.952,16.602,37.431,0,0,18.952,0,0,0,73.47,31.059,0,11.44,6.081,14.904,0,0,2.047,0,0,0,0,1,1,1,8,0,0,0,0,0,0,0,0,0,0,0,0,0,1,6.478,11.679,FlavorsandFragrances,3
874,130.21,5.661,1,60.9,30.4,0,8.7,0,6,0,0,0,0,0,0,0,0,0,0,0,0,102,5.508,0,2.403,0.177,23.544,8,25.925,0.036,5.628,3.56,26.476,7.127,0,32.336,11,0,0,0,0,0,0,40.794,0,0,14.318,6.534,13.71,6.158,3,1.027,0.407,0,0,4.714,3,2,0,3,0,0,0,0,0,0,0,0,0,0,0,0,0,0,2.981,3.044,FlavorsandFragrances,3
708,236.44,5.254,0,62.2,35.6,0,2.2,0,16,6,16,3,0,0,52.717,37.611,42.729,0,55.656,0,0,4386,1.246,8.032,7.859,4.796,139.033,15.7155,53.04,0.021,11.952,5.509,46.184,12.673,0,11,0,0,0,0,0,0,0,58.857,0,0,12.673,16.472,17.894,0,6,7.034,2.659,0,0,5.942,3,3,2,14,0,0,0,0,0,0,0,0,0,0,0,0,0,0,16.94,12.714,FlavorsandFragrances,3
863,226.35,5.957,2,57.9,34.2,0,7.9,0,11,1,5,0,0,0,49.707,0,0,0,0,0,0,1100,4.015,6.783,4.648,1.563,87.697,11.7508,64.384,0.017,9.302,4.528,19.708,17.742,0,62.615,11,0,0,0,0,0,0,49.775,0,0,30.067,10.051,15.509,6.534,0,6.332,0.349,0,0,4.671,4,5,3,9,0,0,0,0,0,0,0,0,0,0,0,0,0,0,4.795,7.083,FlavorsandFragrances,3
400,142.22,5.926,2,58.3,33.3,0,8.3,0,5,0,0,0,0,0,0,0,0,0,0,0,0,142,6.377,0,2.57,0.218,29.529,9,31.469,0.028,5.718,5.151,17.65,22.894,9.476,32.336,11,0,0,9.476,0,0,0,57.212,0,0,14.318,6.546,13.728,6.176,0,0.819,0.373,0,0,4.745,3,3,0,4,0,0,0,0,0,0,0,0,0,0,0,0,0,0,3.813,4.051,FlavorsandFragrances,3
789,182.29,5.88,3,58.1,35.5,0,6.5,0,6,0,0,0,0,0,0,0,0,0,0,0,0,324,9.028,0,3.3,0.461,51.865,12,49.19,0.021,7.36,6.825,26.476,9.661,18.952,50.398,17.371,0,0,18.952,0,0,0,74.943,0,0,16.033,6.106,14.724,0,0,2.489,0,0,0,4.559,1,1,3,8,0,0,0,0,0,0,0,0,0,0,0,0,0,0,7.661,10.668,FlavorsandFragrances,3
593,162.2,7.373,8,45.5,45.5,0,9.1,0,1,1,6,0,0,0,0,0,0,0,0,0,0,510,3.037,0,2.267,0.489,57.386,9.2816,33.336,0.031,4.219,3.133,10.883,0,66.334,32.336,14.185,0,0,18.952,0,0,0,87.594,0,0,10.377,7.018,16.331,0,0,0,0,0,0,4.446,2,2,4,8,0,0,0,0,0,0,0,0,0,0,0,0,0,0,5.291,4.636,FlavorsandFragrances,3
451,90.1,7.508,1,50,16.7,16.7,16.7,0,1,0,0,0,0,0,0,0,0,0,0,0,0,31,2.558,0,0.691,0,10.742,5,13.938,0.063,2.833,10.553,8.396,32.483,42.806,25.145,0,4.276,0,0,0,0,0,12.672,32.483,0,4.276,5.653,13.341,4.079,0,0,0,0,7.673,0,0,0,0,0,0,0,0,0,0,0,0,0,0,0,0,0,0,1,1.483,1.423,FlavorsandFragrances,3
720,144.24,5.548,1,61.5,30.8,0,7.7,0,7,0,0,0,0,0,0,0,0,0,0,0,0,150,6.636,0,2.324,0.276,31.264,9,34.499,0.026,6.395,2.762,17.65,14.731,0,32.336,11,0,0,0,0,0,0,39.572,0,0,21.922,6.066,13.492,6.158,2,4.096,0,0,0,4.884,3,3,1,4,0,0,0,0,0,0,0,0,0,0,0,0,0,0,4.244,6.115,FlavorsandFragrances,3
839,94.17,5.539,2,58.8,41.2,0,0,0,3,1,6,0,0,0,0,0,0,0,0,0,0,131,1.186,0,1.962,0.44,25.812,7.8978,10.484,0.102,4.064,2.833,8.825,5.069,28.429,0,3.186,0,0,28.429,0,0,0,45.509,0,0,8.255,6.124,14.442,0,0,2.311,0,0,0,0,0,0,0,7,0,0,0,0,0,0,0,0,0,0,0,0,0,0,5.349,5.264,FlavorsandFragrances,3
447,170.28,5.676,2,60,33.3,0,6.7,0,7,0,0,0,0,0,0,0,0,0,0,0,0,262,8.377,0,2.782,0.526,45.556,11,47.893,0.02,7.273,4.566,8.825,33.032,9.476,32.336,11,0,0,9.476,0,0,0,58.525,0,0,24.456,6.089,13.514,6.176,0,5.362,0,0,0,4.814,3,3,2,6,2,0,0,0,0,0,0,0,0,0,0,0,0,0,6.621,9.794,FlavorsandFragrances,3
768,128.24,5.13,1,64,32,0,4,0,6,0,0,0,0,0,0,0,0,0,0,0,0,120,7.701,0,2.15,0.364,27.742,8,26.528,0.041,6.074,4.339,8.825,10.138,61.636,0,0,0,0,18.952,0,0,0,37.916,0,0,10.138,3.672,0,0,0,5.135,0,0,8.336,0,0,0,0,6,0,0,0,0,0,0,0,0,0,0,0,0,0,0,4.532,6.18,FlavorsandFragrances,3
865,138.23,5.76,2,58.3,37.5,0,4.2,0,6,1,6,0,0,0,0,0,0,0,0,0,0,320,1.698,0,3.211,0.89,42.428,9.4033,21.672,0.051,5.763,5.329,17.65,5.069,9.476,48.34,3.186,0,0,20.9,0,0,0,46.805,0,0,8.255,8.64,15.132,0,0,2.154,0.745,0,0,0,1,2,1,8,0,0,0,0,0,0,0,0,0,0,0,0,0,0,3.789,4.829,FlavorsandFragrances,3
490,226.29,7.3,13,45.2,48.4,0,6.5,0,2,2,12,0,0,0,0,0,0,0,0,0,0,2098,3.542,0,3.949,0.999,113.319,10.298,66.051,0.013,6.035,3.715,8.825,2.535,85.286,32.336,22.614,0,0,0,0,0,0,115.452,0,0,21.34,7.692,17.13,6.296,0,0.3,0,0,0,5.234,4,4,3,12,6,0,0,0,0,0,0,0,0,0,0,0,0,0,14.212,14.311,FlavorsandFragrances,3
411,234.09,10.178,7,39.1,39.1,4.3,8.7,8.7,2,1,6,0,0,0,0,0,0,0,0,0,0,742,3.242,0,3.681,0.683,69.187,10.8731,48.239,0.018,2.198,4.559,16.793,3.124,28.429,25.145,23.245,6.763,78.297,78.297,0,78.297,0,142.526,3.124,0,19.007,8.894,17.672,5.37,0,0,0,0,0,4.958,1,3,0,1,0,0,0,0,12,0,0,0,20,0,0,0,4,1,7,9.786,FlavorsandFragrances,3
408,152.21,6.618,6,52.2,39.1,0,8.7,0,4,1,5,0,0,0,30.586,0,0,0,0,0,0,355,1.778,6.555,2.599,0.483,42.912,8.6575,26.977,0.037,5.18,4.539,17.65,2.535,18.952,48.34,9.507,10.898,0,11.424,0,0,0,61.459,0,0,13.432,9.08,17.249,0,0,0.802,-0.066,0,0,0,5,2,1,3,0,0,0,0,0,0,0,0,0,0,0,0,0,0,0.939,3.905,FlavorsandFragrances,3
810,112.19,5.61,2,60,35,0,5,0,4,0,0,0,0,0,0,0,0,0,0,0,0,84,6.642,0,1.624,0.225,21.836,7,19.284,0.057,4.614,4.344,8.825,7.604,18.952,48.34,0,0,0,30.377,0,0,0,46.805,0,0,7.604,3.57,0,0,0,2.632,0,0,0,0,1,1,1,5,0,0,0,0,0,0,0,0,0,0,0,0,0,0,2.849,3.477,FlavorsandFragrances,3
691,270.51,5.104,1,64.2,32.1,0,3.8,0,16,0,0,0,0,0,0,0,0,0,0,0,0,1058,15.58,0,5.981,1.278,115.893,18,121.717,0.008,13.189,6.515,26.476,32.472,0,32.336,11,0,0,0,0,0,0,66.139,0,0,39.664,6.106,13.548,6.158,2,13.759,0.612,0,0,5.186,3,3,4,13,6,0,0,0,0,0,0,0,0,0,0,0,0,0,29.695,40.632,FlavorsandFragrances,3
441,154.22,7.01,12,45.5,54.5,0,0,0,0,2,12,0,0,0,0,0,0,0,0,0,0,961,1.559,0,2.732,0.829,70.385,10.0432,24.54,0.044,4.333,4.695,0,0,94.762,0,6.371,0,0,0,0,0,0,101.134,0,0,6.371,9.027,17.457,0,0,0,0,0,0,0,0,0,0,13,0,0,0,0,0,0,0,0,0,0,0,0,0,0,15.023,11.212,FlavorsandFragrances,3
715,142.27,5.081,1,64.3,32.1,0,3.6,0,7,0,0,0,0,0,0,0,0,0,0,0,0,165,8.851,0,2.503,0.498,34.343,9,33.018,0.033,6.82,4.611,8.825,12.673,61.636,0,0,0,0,18.952,0,0,0,40.45,0,0,12.673,3.742,0,0,0,6.543,0,0,8.382,0,0,0,0,7,0,0,0,0,0,0,0,0,0,0,0,0,0,0,5.983,8.656,FlavorsandFragrances,3
493,108.16,6.76,6,50,37.5,12.5,0,0,2,1,6,0,0,0,0,0,0,0,0,0,0,182,1.283,0,1.799,0.361,30.702,8.3067,13.586,0.073,3.494,3.5,17.65,0,0,57.113,23.608,0,0,33.571,0,0,0,41.259,33.571,0,5.513,6.623,16.531,0,0,0,0,8.032,0,0,2,2,0,0,0,0,0,0,0,0,0,0,0,0,0,0,0,2,0.001,0.009,FlavorsandFragrances,3
548,204.29,6.59,8,51.6,41.9,0,6.5,0,4,1,6,0,0,0,0,0,0,0,0,0,0,913,4.569,0,3.598,0.623,83.07,10.3197,58.851,0.015,6.859,4.844,17.65,4.592,66.334,32.336,14.185,0,0,18.952,0,0,0,98.953,0,0,14.969,7.414,16.329,6.176,0,0.339,-0.06,0,0,4.999,3,5,3,10,5,0,0,0,0,0,0,0,0,0,0,0,0,0,9.888,10.252,FlavorsandFragrances,3
579,154.23,6.169,2,56,36,0,8,0,6,0,0,0,0,0,0,0,0,0,0,0,0,206,7.088,0,2.25,0.319,38.904,10,37.088,0.028,5.775,3.916,19.708,10.138,0,32.336,11,34.061,0,34.061,0,0,0,71.099,0,0,17.329,5.892,14.937,7.215,0,4.221,0,0,0,4.344,2,2,2,6,0,0,0,0,0,0,0,0,0,0,0,0,0,0,5.152,9.415,FlavorsandFragrances,3
556,162.2,7.373,8,45.5,45.5,0,9.1,0,1,1,6,0,0,0,0,0,0,0,0,0,0,536,2.308,0,2.237,0.558,59.358,10.209,30.935,0.034,4.219,3.363,10.883,0,56.857,48.34,19.429,0,0,30.377,0,0,0,87.594,0,0,8.429,8.979,17.447,0,0,0,0,0,0,5.075,3,4,2,6,0,0,0,0,0,0,0,0,0,0,0,0,0,0,3.084,3.737,FlavorsandFragrances,3
877,186.33,5.324,1,62.9,31.4,0,5.7,0,10,0,0,0,0,0,0,0,0,0,0,0,0,340,9.551,0,3.385,0.629,54.422,12,58.747,0.016,8.673,3.972,17.65,22.334,0,32.336,11,0,0,0,0,0,0,47.176,0,0,29.525,6.066,13.492,6.158,2,8.092,0,0,0,5.024,3,3,2,7,3,0,0,0,0,0,0,0,0,0,0,0,0,0,8.834,14.757,FlavorsandFragrances,3
460,138.23,5.76,3,58.3,37.5,0,4.2,0,4,0,0,0,0,0,0,0,0,0,0,0,0,165,8.318,0,2.091,0.313,34.343,9,29.074,0.038,5.492,5.387,8.825,7.604,37.905,48.34,0,0,0,49.329,0,0,0,65.758,0,0,7.604,3.742,0,0,0,3.562,0,0,0,0,1,1,1,7,0,0,0,0,0,0,0,0,0,0,0,0,0,0,5.026,7.583,FlavorsandFragrances,3
637,200.36,5.273,1,63.2,31.6,0,5.3,0,11,0,0,0,0,0,0,0,0,0,0,0,0,417,9.02,0,4.09,0.739,61.788,13,66.4,0.014,9.429,4.948,26.476,19.8,0,32.336,11,0,0,0,0,0,0,53.467,0,0,26.991,7.414,14.405,6.158,2,7.993,0.009,0,0,5.071,3,5,2,8,3,0,0,0,0,0,0,0,0,0,0,0,0,0,17.349,18.524,FlavorsandFragrances,3
614,94.12,7.24,6,46.2,46.2,0,7.7,0,0,1,6,0,0,0,0,0,0,0,0,0,0,131,1.017,0,1.336,0.242,25.812,7.8978,9.545,0.105,2.645,4.993,0,0,47.381,42.683,0,0,0,0,0,0,0,47.381,0,0,0,6.124,15.686,0,0,0,0,0,8.632,0,0,0,0,4,0,0,0,0,0,0,0,0,0,0,0,0,0,0,2.268,2.442,FlavorsandFragrances,3
736,142.27,5.081,1,64.3,32.1,0,3.6,0,7,0,0,0,0,0,0,0,0,0,0,0,0,165,8.851,0,2.503,0.498,34.343,9,33.018,0.033,6.82,4.611,8.825,12.673,61.636,0,0,0,0,18.952,0,0,0,40.45,0,0,12.673,3.742,0,0,0,6.543,0,0,8.382,0,0,0,0,7,0,0,0,0,0,0,0,0,0,0,0,0,0,0,5.983,8.656,FlavorsandFragrances,3
439,126.22,5.488,2,60.9,34.8,0,4.3,0,5,0,0,0,0,0,0,0,0,0,0,0,0,114,7.416,0,2.155,0.294,26.272,8,23.481,0.047,5.374,3.219,17.65,7.604,18.952,30.278,0,0,0,18.952,0,0,0,49.34,0,0,12.737,5.183,13.816,0,0,3.419,0,0,0,0,2,1,1,5,0,0,0,0,0,0,0,0,0,0,0,0,0,0,4.086,4.948,FlavorsandFragrances,3
757,504.83,72.119,2,0,0,0,57.1,0,0,0,0,0,0,0,0,0,0,0,0,0,0,46,7.571,0,14.236,0,13.635,6,11.659,0.106,235.062,38.75,17.76914724,18.86790974,65.89339604,67.136505,25.11558895,9.299079817,10.02392171,19.91250739,9.895755111,15.96364885,3.129470516,104.3282589,26.42963314,3.005480922,28.89713982,9.945,19.329,0,0,0,0,0,0,3.928,0,0,0,0,0,0,0,0,0,0,0,0,0,0,0,0,0,0,5.755,12.98464698,FlavorsandFragrances,3
492,186.33,5.324,1,62.9,31.4,0,5.7,0,10,0,0,0,0,0,0,0,0,0,0,0,0,334,9.551,0,3.385,0.622,53.656,12,57.769,0.016,8.673,3.972,17.65,22.334,0,32.336,11,0,0,0,0,0,0,47.176,0,0,29.525,6.092,13.503,6.158,2,7.849,0,0,0,5.024,3,3,3,7,3,0,0,0,0,0,0,0,0,0,0,0,0,0,8.834,14.757,FlavorsandFragrances,3
864,150.25,6.01,6,56,36,8,0,0,5,1,6,0,0,0,0,0,0,0,0,0,0,411,1.765,0,2.612,0.696,49.292,9.9547,25.702,0.042,5.99,4.904,26.476,5.069,0,45.342,17.318,0,0,33.571,0,0,0,48.862,33.571,0,13.339,9.071,17.666,0,0,1.967,0,8.705,0,0,3,5,0,2,0,0,0,0,0,0,0,0,0,0,0,0,0,5,0.939,2.925,FlavorsandFragrances,3
457,189.01,13.501,6,35.7,42.9,0,14.3,7.1,0,1,6,0,0,0,0,0,0,0,0,0,0,243,1.513,0,2.49,0.535,36.247,8.998,16.003,0.066,1.65,14.865,0,0,28.429,85.367,3.055,0,45.954,0,45.954,0,45.954,77.438,45.954,0,3.055,8.193,17.52,0,0,0,0,0,17.65,0,0,0,0,1,0,0,0,0,0,0,0,0,0,8,0,0,0,0,2.834,4.176,FlavorsandFragrances,3
754,130.21,5.661,1,60.9,30.4,0,8.7,0,6,0,0,0,0,0,0,0,0,0,0,0,0,110,5.508,0,1.928,0.225,25.412,8,28.261,0.03,5.628,2.712,17.65,12.196,0,32.336,11,0,0,0,0,0,0,37.038,0,0,19.387,5.891,13.424,6.158,2,3.135,0,0,0,4.793,3,3,1,3,0,0,0,0,0,0,0,0,0,0,0,0,0,0,2.981,4.067,FlavorsandFragrances,3
497,154.28,5.32,1,62.1,34.5,0,3.4,0,8,1,6,0,0,0,0,0,0,0,0,0,0,399,2.063,0,3.901,1.314,47.496,9.7236,28.297,0.038,7.316,6.062,17.65,23.371,42.683,0,3.186,0,0,0,0,0,0,44.206,0,0,10.789,8.711,14.747,0,3,3.294,0.97,0,9.556,0,0,0,0,8,0,0,0,0,0,0,0,0,0,0,0,0,0,0,5.558,6.673,FlavorsandFragrances,3
606,198.34,5.509,1,61.1,33.3,0,5.6,0,11,1,6,0,0,0,0,0,0,0,0,0,0,748,3.382,0,5.405,1.671,70.735,11.5071,46.945,0.021,9.102,5.668,35.301,10.138,0,32.336,11,0,0,0,0,0,0,52.63,0,0,17.329,12.239,15.909,6.158,3,4.715,0.682,0,0,5.391,4,3,4,8,0,0,0,0,0,0,0,0,0,0,0,0,0,0,8.186,9.69,FlavorsandFragrances,3
420,150.15,7.507,1,50,25,0,25,0,4,0,0,0,0,0,0,0,0,0,0,0,0,125,2.778,0,1.867,0.115,25.969,9,28.208,0.035,4.635,49.103,0,0,170.733,48.34,0,0,0,11.424,0,0,0,11.424,0,0,0,8.946,13.912,0,0,-0.688,-4.718,0,34.055,0,0,0,0,0,0,0,0,0,0,0,0,0,0,0,0,0,0,0,5.052,4.723,FlavorsandFragrances,3
787,102.15,6.009,1,58.8,29.4,0,11.8,0,4,0,0,0,0,0,0,0,0,0,0,0,0,48,5.636,0,1.658,0,14.176,6,16.222,0.049,4.076,3.47,26.476,0,0,32.336,11,0,0,0,0,0,0,33.667,0,0,7.191,6,13.261,6.158,6,0,0.025,0,0,4.611,4,0,0,0,0,0,0,0,0,0,0,0,0,0,0,0,0,0,0.991,0.559,FlavorsandFragrances,3
582,102.2,4.867,0,66.7,28.6,0,4.8,0,6,0,0,0,0,0,0,0,0,0,0,0,0,50,3.8,0,2.026,0.091,14.864,6,15.584,0.071,5.101,4.106,17.65,5.069,42.683,0,0,0,0,0,0,0,0,22.719,0,0,5.069,5.858,10.997,0,2,2.478,0.699,0,8.368,0,0,0,0,4,0,0,0,0,0,0,0,0,0,0,0,0,0,0,2.519,2.818,FlavorsandFragrances,3
511,204.39,5.241,4,61.5,38.5,0,0,0,7,0,0,0,0,0,0,0,0,0,0,0,0,484,9.27,0,4.259,0.618,66.928,14,56.462,0.02,9.213,8.219,35.301,23.371,37.905,0,9.557,0,0,37.905,0,0,0,106.133,0,0,17.16,6.155,15.346,0,0,3.361,0,0,0,0,0,0,0,14,5,0,0,0,0,0,0,0,0,0,0,0,0,0,23.386,29.819,FlavorsandFragrances,3
414,258.39,6.302,9,53.7,41.5,0,4.9,0,6,1,6,0,0,0,0,0,0,0,0,0,0,1411,5.231,0,5.092,0.955,107.436,12.1879,82.633,0.011,9.372,8.844,26.476,20.836,66.334,32.336,17.371,0,0,18.952,0,0,0,127.208,0,0,18.632,11.828,17.191,0,5,1.604,0,0,0,5.569,5,6,3,12,7,0,0,0,0,0,0,0,0,0,0,0,0,0,18.856,22.837,FlavorsandFragrances,3
689,138.19,6.909,6,50,35,10,5,0,3,1,6,0,0,0,0,0,0,0,0,0,0,326,1.524,0,1.866,0.406,43.864,9.4292,23.843,0.041,4.455,4.25,19.708,2.535,0,57.113,31.851,4.815,0,33.571,0,0,0,47.909,33.571,0,10.106,8.924,17.299,0,0,0.858,0,8.064,0,4.963,1,3,0,1,0,0,0,0,0,0,0,0,0,0,0,0,0,3,0.316,1.002,FlavorsandFragrances,3
672,178.3,5.752,6,58.1,38.7,0,3.2,0,6,1,6,0,0,0,0,0,0,0,0,0,0,597,3.6,0,3.836,0.85,62.406,9.6766,39.104,0.028,7.537,7.436,17.65,7.604,90.065,0,3.186,0,0,0,0,0,0,75.821,0,0,10.789,10.767,16.253,0,7,2.62,0,0,9.785,0,0,0,0,9,0,0,0,0,0,0,0,0,0,0,0,0,0,0,9.72,9.667,FlavorsandFragrances,3
423,134.19,6.71,7,50,45,0,5,0,2,1,6,0,0,0,0,0,0,0,0,0,0,320,1.452,0,2.478,0.496,42.428,9.4033,18.555,0.061,4.189,3.851,17.65,0,28.429,48.34,9.557,0,0,11.424,0,0,0,67.06,0,0,9.557,8.64,17.674,0,0,0,0,0,0,0,1,2,1,8,0,0,0,0,0,0,0,0,0,0,0,0,0,0,5.854,6.563,FlavorsandFragrances,3
642,242.24,8.651,14,35.7,50,0,14.3,0,0,2,12,0,0,0,0,0,0,0,0,0,0,2739,2.708,0,3.765,1.055,116.591,10.9698,62.029,0.018,4.059,22.685,0,0,75.81,137.476,12.742,0,0,0,0,0,0,90.372,0,0,14.562,9.131,18.231,0,0,0,0,0,17.557,0,2,4,2,13,0,0,0,0,0,0,0,0,0,0,0,0,0,0,8.252,6.539,FlavorsandFragrances,3
455,182.29,5.88,3,58.1,35.5,0,6.5,0,6,0,0,0,0,0,0,0,0,0,0,0,0,318,6.294,0,2.776,0.376,50.876,12,50.992,0.017,7.36,4.642,26.476,9.661,28.429,32.336,14.185,0,0,28.429,0,0,0,74.943,0,0,20.038,7.859,15.905,0,2,2.304,0,0,0,4.983,3,5,2,7,3,0,0,0,0,0,0,0,0,0,0,0,0,0,7.661,11.316,FlavorsandFragrances,3
603,108.16,6.76,6,50,37.5,12.5,0,0,2,1,6,0,0,0,0,0,0,0,0,0,0,182,1.283,0,1.802,0.232,30.917,8.4152,13.351,0.074,3.494,3.5,17.65,0,0,57.113,23.608,0,0,33.571,0,0,0,41.259,33.571,0,5.513,6.939,16.646,0,0,0,0,8.032,0,0,2,2,0,0,0,0,0,0,0,0,0,0,0,0,0,0,0,2,0.001,0.009,FlavorsandFragrances,3
752,102.15,6.009,1,58.8,29.4,0,11.8,0,4,0,0,0,0,0,0,0,0,0,0,0,0,52,5.636,0,1.34,0.144,15.405,6,17.449,0.047,4.076,2.691,17.65,7.127,0,32.336,11,0,0,0,0,0,0,31.969,0,0,14.318,5.17,12.947,6.158,2,1.453,0,0,0,4.552,3,1,0,1,0,0,0,0,0,0,0,0,0,0,0,0,0,0,0.991,0.799,FlavorsandFragrances,3
454,258.44,5.743,7,57.8,40,0,2.2,0,11,3,12,1,0,0,0,0,0,0,73.949,0,0,3401,2.136,0,7.48,2.827,148.154,16.8295,56.667,0.02,10.966,8.574,61.776,2.535,18.952,30.278,12.742,0,0,0,0,0,0,101.139,0,0,20.41,14.349,19.088,0,0,1.174,0.651,0,0,0,2,2,4,17,0,0,0,0,0,0,0,0,0,0,0,0,0,0,23.205,22.44,FlavorsandFragrances,3
413,194.35,5.399,2,61.1,36.1,0,2.8,0,10,1,6,0,0,0,0,0,0,0,0,0,0,761,2.96,0,5.198,1.42,72.113,11.6703,41.373,0.027,8.851,5.416,35.301,12.673,0,30.278,6.371,0,0,0,0,0,0,59.478,0,0,24.177,12.8,17.536,5.379,0,5.515,0,0,0,0,2,1,5,11,0,0,0,0,0,0,0,0,0,0,0,0,0,0,9.575,10.488,FlavorsandFragrances,3
811,200.36,5.273,1,63.2,31.6,0,5.3,0,11,0,0,0,0,0,0,0,0,0,0,0,0,420,10.636,0,3.738,0.71,62.634,13,67.446,0.014,9.429,4.42,17.65,24.869,0,32.336,11,0,0,0,0,0,0,49.71,0,0,32.06,6.092,13.503,6.158,2,9.148,0,0,0,5.096,3,3,4,8,4,0,0,0,0,0,0,0,0,0,0,0,0,0,10.583,18.47,FlavorsandFragrances,3
818,142.22,5.926,2,58.3,33.3,0,8.3,0,5,0,0,0,0,0,0,0,0,0,0,0,0,150,6.377,0,1.889,0.244,31.264,9,31.669,0.03,5.718,3.253,17.65,9.661,18.952,32.336,11,0,0,18.952,0,0,0,53.456,0,0,16.853,6.066,13.621,6.296,3,1.847,0,0,0,4.698,3,2,2,4,0,0,0,0,0,0,0,0,0,0,0,0,0,0,3.813,3.845,FlavorsandFragrances,3
882,176.23,7.049,8,48,44,0,8,0,2,1,6,0,0,0,0,0,0,0,0,0,0,625,3.676,0,2.496,0.527,65.314,9.623,41.365,0.024,5.122,3.668,8.825,4.592,66.334,32.336,14.185,0,0,18.952,0,0,0,90.128,0,0,14.969,7.025,16.337,0,3,0.415,0,0,0,4.738,3,2,4,8,1,0,0,0,0,0,0,0,0,0,0,0,0,0,6.717,6.26,FlavorsandFragrances,3
430,135.2,9.657,10,35.7,50,7.1,0,0,0,3,11,1,0,0,12.724,0,0,23.893,0,0,0,540,0.756,6.581,2.706,0.801,55.162,12.895,12.215,0.086,1.809,2.04,0,0,37.905,35.777,2.144,0.746,0,16.786,31.278,31.278,0,79.293,16.786,0,34.168,9.078,19.02,0,0,0,0,4.137,0,0,2,2,0,3,0,2,0,0,0,0,0,0,0,0,0,0,0,2,2.252,3.663,FlavorsandFragrances,3
876,194.2,8.092,8,41.7,41.7,0,16.7,0,2,1,6,0,0,0,0,0,0,0,0,0,0,750,2.263,0,2.529,0.637,71.124,11.509,42.3,0.024,4.064,6.622,21.766,0,37.905,64.673,28.371,0,0,0,0,0,0,80.425,0,0,20.754,10.492,18.133,0,0,0,0,0,0,9.05,4,8,0,6,0,0,0,0,0,0,0,0,0,0,0,0,0,0,4.018,2.374,FlavorsandFragrances,3
700,212.26,7.581,13,42.9,50,0,7.1,0,1,2,12,0,0,0,0,0,0,0,0,0,0,1629,2.376,0,3.543,0.979,98.83,10.3068,47.467,0.022,5.16,8.75,0,0,137.446,30.278,6.371,0,0,0,0,0,0,106.267,0,0,11.505,10.021,17.491,4.007,0,0,-1.08,0,9.893,0,1,3,1,12,1,0,0,0,0,0,0,0,0,0,0,0,0,0,7.3,7.417,FlavorsandFragrances,3
823,156.25,5.787,2,59.3,33.3,0,7.4,0,6,0,0,0,0,0,0,0,0,0,0,0,0,206,7.271,0,2.242,0.338,38.904,10,40.14,0.022,6.499,3.451,17.65,12.196,18.952,32.336,11,0,0,18.952,0,0,0,55.99,0,0,19.387,5.892,13.426,6.158,2,2.863,0,0,0,4.848,3,3,2,5,1,0,0,0,0,0,0,0,0,0,0,0,0,0,5.152,6.173,FlavorsandFragrances,3
533,178.25,6.602,7,51.9,40.7,0,7.4,0,4,1,6,0,0,0,0,0,0,0,0,0,0,649,4.436,0,2.929,0.706,67.431,9.5701,47.196,0.02,6.02,3.411,8.825,9.661,47.381,32.336,14.185,0,0,0,0,0,0,76.245,0,0,20.038,6.966,15.946,6.158,2,2.377,0,0,0,4.825,3,1,3,8,1,0,0,0,0,0,0,0,0,0,0,0,0,0,7.169,5.674,FlavorsandFragrances,3
578,156.25,5.787,1,59.3,33.3,0,7.4,0,8,1,6,0,0,0,0,0,0,0,0,0,0,401,3.022,0,3.103,1.063,49.284,9.0046,35.061,0.025,6.767,2.417,8.825,15.207,0,32.336,11,0,0,0,0,0,0,31.224,0,0,22.399,7.363,13.845,6.158,4,6.414,0.233,0,0,5.202,4,4,1,5,0,0,0,0,0,0,0,0,0,0,0,0,0,0,3.941,6.484,FlavorsandFragrances,3
680,136.16,7.564,7,44.4,44.4,0,11.1,0,1,1,6,0,0,0,0,0,0,0,0,0,0,330,2.336,0,1.893,0.421,44.388,8.6344,25.873,0.036,3.355,2.997,0,4.592,47.381,50.398,14.185,0,0,0,0,0,0,68.641,0,0,7.778,6.964,15.897,0,0,0.365,0,0,0,4.539,1,2,2,6,0,0,0,0,0,0,0,0,0,0,0,0,0,0,3.117,2.426,FlavorsandFragrances,3
820,166.29,5.543,3,60,36.7,0,3.3,0,6,0,0,0,0,0,0,0,0,0,0,0,0,286,10.278,0,2.798,0.557,49.629,11,43.697,0.025,7.027,6.015,8.825,12.673,37.905,48.34,0,0,0,49.329,0,0,0,70.827,0,0,12.673,3.828,0,0,0,6.327,0,0,0,0,1,1,1,9,1,0,0,0,0,0,0,0,0,0,0,0,0,0,8.047,13.441,FlavorsandFragrances,3
749,100.18,5.273,1,63.2,31.6,0,5.3,0,4,0,0,0,0,0,0,0,0,0,0,0,0,56,5.701,0,1.392,0.171,16.625,6,15.683,0.07,4.582,3.75,8.825,5.069,61.636,0,0,0,0,18.952,0,0,0,32.847,0,0,5.069,3.414,0,0,2,2.143,0,0,8.242,0,0,0,0,4,0,0,0,0,0,0,0,0,0,0,0,0,0,0,2.08,2.069,FlavorsandFragrances,3
506,94.13,7.241,6,46.2,38.5,15.4,0,0,1,1,6,0,0,0,0,0,0,0,0,0,0,131,0.967,0,1.347,0.192,25.812,7.8978,10.149,0.094,2.604,2.778,8.825,0,0,68.884,29.899,0,0,33.571,0,0,0,38.724,33.571,0,2.757,6.124,15.686,0,0,0,0,7.738,0,0,1,1,0,0,0,0,0,0,0,0,0,0,0,0,0,0,0,1,0.17,0.036,FlavorsandFragrances,3
428,232.4,5.668,4,58.5,39,0,2.4,0,9,1,6,0,0,0,0,0,0,0,0,0,0,1287,3.997,0,5.606,1.35,100.555,12.8086,61.641,0.018,9.831,7.851,26.476,25.905,37.905,30.278,3.186,0,0,37.905,0,0,0,98.605,0,0,18.457,12.8,16.728,0,0,3.704,0.406,0,0,0,2,2,5,14,6,0,0,0,0,0,0,0,0,0,0,0,0,0,13.515,17.718,FlavorsandFragrances,3
738,264.45,5.627,2,59.6,36.2,0,4.3,0,14,3,12,1,0,0,38.769,52.445,0,0,77.431,0,0,3277,3.105,7.002,7.067,2.779,146.983,15.0461,73.917,0.014,11.9,7.038,44.126,12.673,0,32.336,17.371,0,0,0,0,0,0,70.361,0,0,26.235,12.528,17.442,6.158,7,6.136,1.913,0,0,5.59,5,2,6,13,0,0,0,0,0,0,0,0,0,0,0,0,0,0,16.304,18.361,FlavorsandFragrances,3
558,186.28,6.009,2,58.1,32.3,0,9.7,0,7,0,0,0,0,0,0,0,0,0,0,0,0,326,9.25,0,3.207,0.387,52.105,12,59.535,0.014,7.57,5.964,17.65,32.079,9.476,43.336,11,0,0,9.476,0,0,0,66.397,0,0,23.503,6.091,13.557,6.362,2,1.878,0.601,0,0,9.811,2,2,3,4,3,0,0,0,0,0,0,0,0,0,0,0,0,0,3.019,4.702,FlavorsandFragrances,3
530,172.25,6.152,2,57.1,32.1,0,10.7,0,7,0,0,0,0,0,0,0,0,0,0,0,0,252,8.312,0,2.776,0.384,43.699,11,46.912,0.019,6.607,4.229,17.65,14.731,0,62.615,11,0,0,0,0,0,0,44.706,0,0,27.055,6.181,14.001,6.534,2,2.906,0,0,0,4.842,5,4,1,3,1,0,0,0,0,0,0,0,0,0,0,0,0,0,2.056,1.335,FlavorsandFragrances,3
466,172.3,5.384,1,62.5,31.3,0,6.3,0,9,0,0,0,0,0,0,0,0,0,0,0,0,237,7.089,0,3.219,0.758,41.142,11,44.464,0.021,7.916,4.165,26.476,14.731,0,32.336,11,0,0,0,0,0,0,48.397,0,0,21.922,6.842,13.246,6.158,1,5.343,0.564,0,0,4.953,3,2,3,6,0,0,0,0,0,0,0,0,0,0,0,0,0,0,7.186,9.228,FlavorsandFragrances,3
649,136.21,6.191,6,54.5,40.9,0,4.5,0,3,1,6,0,0,0,0,0,0,0,0,0,0,320,1.585,0,2.473,0.481,42.428,9.4033,21.652,0.048,5.177,5.337,28.533,0,28.429,0,22.614,0,0,0,0,0,0,68.577,0,0,11.615,8.64,17.592,0,0,0,0,0,0,5.1,2,3,0,6,0,0,0,0,0,0,0,0,0,0,0,0,0,0,6.299,7.762,FlavorsandFragrances,3
508,158.27,5.458,1,62.1,31,0,6.9,0,8,0,0,0,0,0,0,0,0,0,0,0,0,194,7.534,0,3.153,0.307,36.591,10,40.241,0.022,7.157,3.75,26.476,12.196,0,32.336,11,0,0,0,0,0,0,45.863,0,0,19.387,6.081,13.538,6.158,2,2.977,0.615,0,0,4.954,3,3,2,5,0,0,0,0,0,0,0,0,0,0,0,0,0,0,5.651,7.424,FlavorsandFragrances,3
456,251.16,8.97,12,42.9,50,0,0,7.1,2,2,12,0,0,0,0,0,0,0,0,0,0,1988,3.006,0,4.497,1.337,109.961,11.0649,49.218,0.022,4.09,3.189,0,5.069,75.81,0,13.372,0,78.297,78.297,0,78.297,0,172.549,0,0,18.441,8.674,17.907,0,0,1.84,0,0,0,0,0,0,0,11,1,0,0,0,0,0,0,0,0,0,0,0,7,0,29.734,31.244,FlavorsandFragrances,3
854,170.28,5.676,2,60,33.3,0,6.7,0,7,0,0,0,0,0,0,0,0,0,0,0,0,277,10.496,0,2.989,0.649,47.911,11,46.931,0.023,7.227,6.747,0,33.509,9.476,68.738,0,0,0,9.476,0,0,0,43.895,0,0,18.652,5.184,12.949,5.889,0,6.816,0,0,8.341,0,1,1,1,8,0,0,0,0,0,0,0,0,0,0,0,0,0,0,6.621,10.496,FlavorsandFragrances,3
821,88.12,6.294,1,57.1,28.6,0,14.3,0,3,0,0,0,0,0,0,0,0,0,0,0,0,32,5.016,0,0.925,0,11.059,5,12.682,0.063,3.282,3.166,17.65,4.592,0,32.336,11,0,0,0,0,0,0,29.434,0,0,11.784,5.118,12.932,6.158,3,0.481,0,0,0,4.403,3,0,0,0,0,0,0,0,0,0,0,0,0,0,0,0,0,0,0.344,0.137,FlavorsandFragrances,3
609,155.24,8.171,6,47.4,36.8,5.3,5.3,0,3,1,5,0,0,0,26.267,0,0,0,0,0,0,288,1.496,6.783,3.407,0.875,37.734,8.7974,19.309,0.06,4.018,2.471,26.476,0,0,47.994,2.757,1.358,0,16.786,31.278,31.278,0,67.932,16.786,0,41.456,9.658,18.205,0,0,0,0,4.13,0,0,4,1,0,0,0,2,0,0,0,0,0,0,0,0,0,0,0,1,0.344,0.74,FlavorsandFragrances,3
539,134.22,7.457,1,55.6,27.8,0,11.1,0,4,0,0,0,0,0,0,0,0,0,0,0,0,70,3.662,0,2.203,0.195,18.181,7,20.093,0.045,4.949,5.163,17.65,4.592,0,43.155,11,0,0,0,38.564,38.564,0,67.998,0,0,11.784,7.405,14.399,6.73,6,0.434,-0.296,0,0,4.588,1,2,0,0,0,0,0,0,0,0,0,0,0,0,0,0,0,0,0.991,1.588,FlavorsandFragrances,3
770,59.13,4.548,0,69.2,23.1,7.7,0,0,3,0,0,0,0,0,0,0,0,0,0,0,0,9,3.339,0,1.342,0,4.663,3,6.095,0.173,3.116,3.355,25.189,0,0,0,3.124,0,0,0,0,0,0,25.189,3.124,0,0,4,9.011,0.188,0,0,0,0,0,0,0,0,0,0,0,0,0,0,0,0,0,0,0,0,0,0,0,0,0.12,0.102,FlavorsandFragrances,3
638,166.25,6.394,6,53.8,34.6,7.7,3.8,0,5,1,6,0,0,0,0,0,0,0,0,0,0,520,2.561,0,3.11,0.614,57.696,10.274,34.045,0.03,6.181,6.337,28.533,2.535,0,57.113,31.851,4.815,0,33.571,0,0,0,56.734,33.571,0,10.106,9.064,17.324,0,0,0.914,0.579,8.268,0,5.073,1,3,0,3,0,0,0,0,0,0,0,0,0,0,0,0,0,3,1.472,2.921,FlavorsandFragrances,3
838,142.27,5.081,1,64.3,32.1,0,3.6,0,8,0,0,0,0,0,0,0,0,0,0,0,0,131,6.675,0,4.272,0.284,27.163,9,26.435,0.043,6.707,6.859,35.301,5.069,0,48.34,0,0,0,11.424,0,0,0,51.794,0,0,5.069,10.151,14.849,0,0,1.836,0.539,0,0,0,1,1,3,7,0,0,0,0,0,0,0,0,0,0,0,0,0,0,5.983,6.568,FlavorsandFragrances,3
703,141.26,7.063,5,55,35,5,0,0,4,1,5,0,0,0,22.967,0,0,0,0,0,0,219,1.584,6.555,3.372,0.759,32.08,7.9975,17.58,0.066,5.324,3.983,26.476,0,7.649,17.715,2.757,11.771,0,16.786,31.278,31.278,0,69.089,16.786,0,34.964,8.433,17.19,0,0,0,0.587,4.329,0,0,3,2,0,2,0,2,0,0,0,0,0,0,0,0,0,0,0,2,1.679,3.835,FlavorsandFragrances,3
461,122.19,6.431,6,52.6,36.8,10.5,0,0,3,1,6,0,0,0,0,0,0,0,0,0,0,243,1.257,0,2.182,0.387,36.247,8.998,16.631,0.062,4.348,4.097,26.476,0,0,45.342,17.318,0,0,33.571,0,0,0,43.793,33.571,0,8.27,8.193,17.52,0,0,0,0,8.326,0,0,3,3,0,0,0,0,0,0,0,0,0,0,0,0,0,0,0,3,0.101,0.142,FlavorsandFragrances,3
599,170.28,5.676,1,60,33.3,0,6.7,0,9,1,6,0,0,0,0,0,0,0,0,0,0,536,3.744,0,3.5,1.046,58.853,9.649,40.922,0.024,7.551,2.85,8.825,17.742,0,32.336,11,0,0,0,0,0,0,33.758,0,0,24.933,7.438,13.984,6.158,4,7.498,0.234,0,0,5.194,4,3,2,6,0,0,0,0,0,0,0,0,0,0,0,0,0,0,5.238,9.015,FlavorsandFragrances,3
847,116.18,5.809,1,60,30,0,10,0,5,0,0,0,0,0,0,0,0,0,0,0,0,71,4.636,0,2.174,0.167,18.396,7,19.889,0.049,4.856,3.488,28.533,2.535,0,32.336,11,0,0,0,0,0,0,38.259,0,0,9.726,6.429,13.654,6.158,0,0.524,0.405,0,0,4.422,2,2,0,3,0,0,0,0,0,0,0,0,0,0,0,0,0,0,1.886,1.949,FlavorsandFragrances,3
721,122.13,8.142,7,40,46.7,0,13.3,0,0,1,5,0,0,0,23.84,0,0,0,0,0,0,230,1.665,6.26,1.511,0.194,34.485,7.5471,18.152,0.053,2.402,0.66,0,0,49.644,48.34,9.507,17.22,0,30.377,0,0,0,66.517,0,0,5.449,6.996,16.41,0,0,0,0,0,0,0,4,2,1,2,0,0,0,0,0,0,0,0,0,0,0,0,0,0,0.052,1.808,FlavorsandFragrances,3
756,130.21,5.661,1,60.9,30.4,0,8.7,0,6,0,0,0,0,0,0,0,0,0,0,0,0,98,3.253,0,2.213,0.177,22.679,8,24.252,0.042,5.628,4.1,28.533,5.069,0,32.336,11,0,0,0,0,0,0,40.794,0,0,12.26,7.853,14.507,6.158,0,1.961,0.069,0,0,4.526,2,4,0,4,0,0,0,0,0,0,0,0,0,0,0,0,0,0,2.981,4.256,FlavorsandFragrances,3
437,172.25,6.152,1,57.1,32.1,0,10.7,0,8,1,5,0,0,0,36.066,0,0,0,0,0,0,465,3.716,6.26,3.068,0.494,53.384,8.5366,45.869,0.018,7.007,2.883,8.825,19.323,0,43.336,11,0,0,0,0,0,0,35.339,0,0,26.514,7.054,13.739,6.158,4,4.751,0.158,0,0,10.307,4,3,2,3,0,0,0,0,0,0,0,0,0,0,0,0,0,0,1.321,2.259,FlavorsandFragrances,3
774,128.24,5.13,1,64,32,0,4,0,6,0,0,0,0,0,0,0,0,0,0,0,0,108,7.701,0,2.708,0.287,24.79,8,23.532,0.047,6.074,5.594,26.476,5.069,52.16,0,3.186,0,0,9.476,0,0,0,44.206,0,0,8.255,5.359,13.832,0,5,1.88,-0.152,0,8.836,0,0,0,0,5,0,0,0,0,0,0,0,0,0,0,0,0,0,0,4.532,5.118,FlavorsandFragrances,3
584,154.28,5.32,2,62.1,34.5,0,3.4,0,7,0,0,0,0,0,0,0,0,0,0,0,0,220,9.416,0,2.711,0.502,41.638,10,38.271,0.029,6.886,5.254,8.825,15.207,18.952,48.34,0,0,0,30.377,0,0,0,54.409,0,0,15.207,3.792,0,0,0,6.64,0,0,0,0,1,1,1,8,0,0,0,0,0,0,0,0,0,0,0,0,0,0,6.98,10.454,FlavorsandFragrances,3
726,240.43,5.343,2,62.2,33.3,0,4.4,0,12,0,0,0,0,0,0,0,0,0,0,0,0,704,11.637,0,5.077,0.864,86.106,16,89.104,0.011,11.092,6.448,35.301,19.8,9.476,32.336,14.185,0,0,9.476,0,0,0,74.954,0,0,30.176,6.205,14.399,6.158,2,6.434,0.629,0,0,5.188,3,3,3,11,5,0,0,0,0,0,0,0,0,0,0,0,0,0,15.502,25.075,FlavorsandFragrances,3
716,226.4,5.39,2,61.9,33.3,0,4.8,0,10,0,0,0,0,0,0,0,0,0,0,0,0,538,9.391,0,4.112,0.731,69.976,15,70.599,0.014,10.516,6.317,44.126,14.254,19.312,22,6.371,11.771,0,18.952,0,0,0,84.063,0,0,20.625,7.368,15.05,4.275,6,3.53,-0.179,0,0,10.933,4,2,2,8,2,0,0,0,0,0,0,0,0,0,0,0,0,0,10.726,16.884,FlavorsandFragrances,3
666,100.13,6.675,2,53.3,33.3,0,13.3,0,3,0,0,0,0,0,0,0,0,0,0,0,0,56,5.351,0,1.264,0.096,16.625,6,15.266,0.067,3.155,4.311,0,7.604,0,96.68,0,0,0,22.848,0,0,0,30.452,0,0,7.604,3.414,0,0,0,1.727,0,0,0,0,2,2,0,2,0,0,0,0,0,0,0,0,0,0,0,0,0,0,0.006,0.02,FlavorsandFragrances,3
701,152.16,8.008,7,42.1,42.1,0,15.8,0,1,1,5,0,0,0,31.524,0,0,0,0,0,0,358,2.147,6.293,1.864,0.242,45.082,8.2759,32.465,0.026,3.328,6.489,0,20.359,40.168,32.336,20.507,17.22,0,9.476,0,0,0,73.168,0,0,17.233,8.549,16.987,0,0,0.208,0,0,0,4.685,3,3,1,2,0,0,0,0,0,0,0,0,0,0,0,0,0,0,0.649,2.881,FlavorsandFragrances,3
690,138.18,6.909,6,50,40,0,10,0,3,1,5,0,0,0,26.267,0,0,0,0,0,0,288,1.356,6.783,2.383,0.424,37.734,8.7974,19.977,0.052,4.313,2.76,26.476,0,9.476,30.278,12.693,10.898,0,0,0,0,0,55.169,0,0,19.217,9.658,18.205,0,0,0,0,0,0,0,6,1,0,1,0,0,0,0,0,0,0,0,0,0,0,0,0,0,0.846,0.931,FlavorsandFragrances,3
667,98,12.25,1,37.5,0,0,50,0,0,0,0,0,0,0,0,0,0,0,0,0,0,16,4.117,0,1.54,0,6.608,4,6.515,0.212,2.823,48.34,0,0,111.396,20.263,0,0,0,0,0,0,0,0,0,0,0,9,16.816,0,0,0,0,0,21.563,0,0,0,0,0,0,0,0,0,0,0,0,0,0,0,0,0,0,0,5.251,2.486,FlavorsandFragrances,3
440,144.24,5.548,1,61.5,30.8,0,7.7,0,7,0,0,0,0,0,0,0,0,0,0,0,0,143,6.636,0,2.827,0.3,29.688,9,32.925,0.027,6.395,3.72,26.476,9.661,0,32.336,11,0,0,0,0,0,0,43.328,0,0,16.853,6.16,13.56,6.158,1,1.975,0.445,0,0,4.905,3,4,0,4,0,0,0,0,0,0,0,0,0,0,0,0,0,0,4.244,5.457,FlavorsandFragrances,3
569,206.26,7.112,8,48.3,41.4,0,10.3,0,3,1,6,0,0,0,0,0,0,0,0,0,0,932,3.312,0,3.072,0.78,78.219,11.6439,52.074,0.018,6.073,6.082,19.708,18.301,37.905,32.336,35.672,0,0,9.476,0,0,0,96.778,0,0,23.398,9.238,17.752,6.158,0,0.761,0,0,0,10.101,4,4,3,6,1,0,0,0,0,0,0,0,0,0,0,0,0,0,6.62,6.704,FlavorsandFragrances,3
745,206.31,6.252,7,54.5,39.4,0,6.1,0,6,1,6,0,0,0,0,0,0,0,0,0,0,898,4.753,0,3.563,0.799,83.328,10.4188,63.52,0.014,7.692,4.152,8.825,14.731,47.381,32.336,14.185,0,0,0,0,0,0,81.314,0,0,25.107,8.537,16.834,0,2,5.05,0,0,0,5.136,3,5,2,10,5,0,0,0,0,0,0,0,0,0,0,0,0,0,12.239,15.417,FlavorsandFragrances,3
520,177.22,7.384,8,45.8,41.7,4.2,8.3,0,2,1,6,0,0,0,0,0,0,0,0,0,0,601,3.631,0,2.742,0.473,63.051,9.6851,38.98,0.025,4.738,8.045,8.825,2.535,47.381,30.278,62.226,0,0,0,0,0,0,66.631,16.786,0,10.425,7.46,16.577,5.798,0,-0.005,0,0,9.202,0,5,2,2,4,0,0,0,0,0,0,0,0,0,0,0,0,0,3,3.001,2.026,FlavorsandFragrances,3
618,110.13,7.866,6,42.9,35.7,14.3,7.1,0,1,1,6,0,0,0,0,0,0,0,0,0,0,184,1.262,0,1.248,0.208,31.311,8.1463,16.412,0.054,2.593,2.491,10.883,0,0,68.884,38.142,4.815,0,33.571,0,0,0,42.84,33.571,0,4.815,6.822,15.875,0,0,0,0,7.581,0,4.741,0,0,0,0,0,0,0,0,0,0,0,0,0,0,0,0,0,1,0.028,0.003,FlavorsandFragrances,3
871,98.16,5.774,2,58.8,35.3,0,5.9,0,3,0,0,0,0,0,0,0,0,0,0,0,0,56,5.416,0,1.282,0.136,16.625,6,14.273,0.077,3.85,3.972,8.825,5.069,18.952,48.34,0,0,0,30.377,0,0,0,44.271,0,0,5.069,3.414,0,0,0,1.585,0,0,0,0,1,1,1,4,0,0,0,0,0,0,0,0,0,0,0,0,0,0,1.781,1.984,FlavorsandFragrances,3
616,272.42,6.191,9,54.5,40.9,0,4.5,0,7,1,6,0,0,0,0,0,0,0,0,0,0,1864,8.205,0,5.216,1,133.558,12.4191,104.859,0.009,10.194,6.595,26.476,12.196,66.334,32.336,20.557,0,0,18.952,0,0,0,121.753,0,0,28.944,7.392,16.32,6.312,0,2.766,0,0,0,5.213,3,3,5,15,9,0,0,0,0,0,0,0,0,0,0,0,0,0,18.592,25.123,FlavorsandFragrances,3
796,107.17,6.304,6,52.9,41.2,5.9,0,0,2,1,6,0,0,0,0,0,0,0,0,0,0,184,1.318,0,1.715,0.331,31.311,8.1463,13.19,0.083,3.849,4.093,8.825,2.535,18.952,40.328,21.28,0,0,16.786,0,0,0,51.593,16.786,0,5.72,6.822,15.875,0,0,1.077,0,3.956,0,0,2,2,0,4,0,0,0,0,0,0,0,0,0,0,0,0,0,2,1.438,2.63,FlavorsandFragrances,3
532,98.16,5.774,2,58.8,35.3,0,5.9,0,3,0,0,0,0,0,0,0,0,0,0,0,0,50,3.24,0,1.474,0.048,14.864,6,12.548,0.091,3.85,3.96,17.65,2.535,9.476,48.34,3.186,0,0,20.9,0,0,0,44.271,0,0,5.72,5.858,14.521,0,0,0.949,0,0,0,0,1,2,0,4,0,0,0,0,0,0,0,0,0,0,0,0,0,0,1.781,3.312,FlavorsandFragrances,3
836,236.44,5.254,0,62.2,35.6,0,2.2,0,16,4,16,2,0,0,70.602,0,0,0,0,0,0,4227,1.767,7.743,7.687,4.168,120.708,11.6831,59.689,0.019,11.882,4.48,26.476,15.207,42.683,0,0,0,0,0,0,0,0,41.683,0,0,15.207,13.957,16.814,0,4,7.736,4.614,0,9.879,0,0,0,0,16,0,0,0,0,0,0,0,0,0,0,0,0,0,0,16.94,14.766,FlavorsandFragrances,3
389,106.13,7.581,7,42.9,50,0,7.1,0,0,1,6,0,0,0,0,0,0,0,0,0,0,184,1.18,0,1.529,0.302,31.311,8.1463,12.014,0.088,2.421,1.107,0,0,47.381,48.34,3.186,0,0,11.424,0,0,0,61.991,0,0,3.186,6.822,16.081,0,0,0,0,0,0,0,1,2,0,6,0,0,0,0,0,0,0,0,0,0,0,0,0,0,3.129,2.526,FlavorsandFragrances,3
714,120.26,8.59,0,57.1,28.6,0,0,0,4,1,6,0,0,0,0,0,0,0,0,0,0,90,1.822,0,3.674,2.25,21,7.5,8.109,0.148,3.827,1.156,0,3.599,0,0,0,0,0,0,64.439,64.439,0,68.038,0,0,68.038,4,0,0,0,5.519,0,0,0,0,0,0,0,0,0,0,0,0,0,0,0,0,0,0,0,0,0,0,2.031,1.507,FlavorsandFragrances,3
692,116.1,9.675,3,33.3,16.7,33.3,16.7,0,0,0,0,0,0,0,0,0,0,0,0,0,0,74,6.141,0,0.876,0.049,19.111,7,20.851,0.042,1.657,21.416,0,65.794,0,50.29,0,41.878,0,33.326,0,0,0,8.552,99.12,0,8.552,5.547,14.64,3.861,0,0,0,0,0,0,0,0,0,0,0,0,0,0,0,0,0,0,0,0,0,0,0,0,4.707,0.038,FlavorsandFragrances,3
853,116.18,5.809,1,60,30,0,10,0,5,0,0,0,0,0,0,0,0,0,0,0,0,76,4.636,0,1.574,0.186,19.763,7,22.198,0.038,4.856,2.51,17.65,9.661,0,32.336,11,0,0,0,0,0,0,34.503,0,0,16.853,5.887,13.423,6.158,2,1.957,0,0,0,4.701,3,3,0,2,0,0,0,0,0,0,0,0,0,0,0,0,0,0,1.886,2.435,FlavorsandFragrances,3
544,118.22,6.954,1,58.8,29.4,0,5.9,0,4,0,0,0,0,0,0,0,0,0,0,0,0,52,6.026,0,2.43,0.431,15.405,6,14.029,0.083,4.693,2.118,16.016,3.434,0,30.278,0,0,0,0,32.22,32.22,0,56.803,0,0,40.787,5.17,12.947,5.379,0,1.691,0,0,0,0,2,0,0,0,0,0,0,0,0,0,0,0,0,0,0,0,0,0,1.133,0.236,FlavorsandFragrances,3
601,142.22,5.926,2,58.3,33.3,0,8.3,0,5,0,0,0,0,0,0,0,0,0,0,0,0,135,3.947,0,2.177,0.244,28.172,9,29.667,0.032,5.718,5.095,17.65,22.894,9.476,32.336,11,0,0,9.476,0,0,0,57.212,0,0,14.318,7.921,14.563,6.158,3,1.152,-0.044,0,0,4.769,3,4,0,4,0,0,0,0,0,0,0,0,0,0,0,0,0,0,3.813,4.084,FlavorsandFragrances,3
621,154.18,7.342,6,47.6,38.1,0,14.3,0,3,1,5,0,0,0,31.888,0,0,0,0,0,0,372,2.659,6.26,2.094,0.274,46.13,8.1857,34.735,0.023,4.357,4.378,8.825,7.127,30.692,32.336,20.507,17.22,0,0,0,0,0,59.284,0,0,19.767,7.048,16.245,6.176,0,0.639,0,0,0,4.803,4,3,2,2,0,0,0,0,0,0,0,0,0,0,0,0,0,0,0.395,2.778,FlavorsandFragrances,3
562,238.41,5.544,3,60.5,34.9,0,4.7,0,10,0,0,0,0,0,0,0,0,0,0,0,0,678,8.877,0,4.86,0.727,82.617,16,83.584,0.011,10.458,7.051,44.126,12.196,18.952,32.336,17.371,0,0,18.952,0,0,0,88.837,0,0,25.758,7.86,16.029,0,2,3.746,0.601,0,0,5.17,3,5,3,11,4,0,0,0,0,0,0,0,0,0,0,0,0,0,14.749,24.746,FlavorsandFragrances,3
814,242.29,7.572,13,43.8,46.9,0,9.4,0,2,2,12,0,0,0,0,0,0,0,0,0,0,2467,3.515,0,3.787,0.992,127.289,11.1931,73.926,0.012,6.035,4.518,10.883,2.535,85.286,32.336,35.672,0,0,0,0,0,0,119.568,0,0,23.398,9.093,17.6,6.296,0,0.249,0,0,0,10.396,4,6,4,10,4,0,0,0,0,0,0,0,0,0,0,0,0,0,10.254,10.761,FlavorsandFragrances,3
488,222.26,7.409,8,46.7,40,0,13.3,0,4,1,6,0,0,0,0,0,0,0,0,0,0,1074,3.25,0,3.604,0.718,85.414,12.0855,59.275,0.015,5.97,5.086,28.533,0,28.429,80.676,35.672,0,0,11.424,0,0,0,89.25,0,0,20.864,9.288,17.82,6.158,0,0,-0.213,0,0,10.15,5,10,3,5,0,0,0,0,0,0,0,0,0,0,0,0,0,0,4.133,6.101,FlavorsandFragrances,3
452,246.43,5.601,2,59.1,38.6,0,2.3,0,14,6,16,3,0,0,57.064,40.599,46.609,0,60.118,0,0,5083,1.348,8.026,7.737,4.53,151.06,16.0437,53.215,0.021,11.177,6.427,44.126,10.138,0,30.278,6.371,0,0,0,0,0,0,65.769,0,0,21.643,16.286,18.286,0,0,5.155,2.281,0,0,0,2,2,5,17,0,0,0,0,0,0,0,0,0,0,0,0,0,0,16.864,13.498,FlavorsandFragrances,3
484,122.28,7.643,0,62.5,25,0,0,0,4,0,0,0,0,0,0,0,0,0,0,0,0,35,5.971,0,3.673,0.75,12.109,5,10.614,0.133,7.889,2.463,16.016,3.434,0,0,0,0,0,0,60.363,60.363,0,79.813,0,0,63.798,3.162,0,0,2,2.59,0,0,0,0,0,0,0,1,0,0,0,0,0,0,0,0,0,0,0,0,0,0,3.301,5.1,FlavorsandFragrances,3
723,126.22,5.488,2,60.9,34.8,0,4.3,0,5,0,0,0,0,0,0,0,0,0,0,0,0,120,7.416,0,2.06,0.335,27.742,8,25.035,0.044,5.374,4.688,8.825,10.138,18.952,48.34,0,0,0,30.377,0,0,0,49.34,0,0,10.138,3.672,0,0,0,4.769,0,0,0,0,1,1,1,6,0,0,0,0,0,0,0,0,0,0,0,0,0,0,4.086,7.52,FlavorsandFragrances,3
463,192.28,6.409,7,53.3,40,0,6.7,0,5,1,6,0,0,0,0,0,0,0,0,0,0,734,4.621,0,3.739,0.71,71.93,10.0298,51.715,0.018,6.864,4.621,17.65,7.127,47.381,32.336,14.185,0,0,0,0,0,0,82.535,0,0,17.504,7.397,16.097,6.296,1,0.874,0.398,0,0,5.068,3,4,2,9,2,0,0,0,0,0,0,0,0,0,0,0,0,0,8.753,8.48,FlavorsandFragrances,3
688,120.16,7.068,7,47.1,47.1,0,5.9,0,1,1,6,0,0,0,0,0,0,0,0,0,0,250,1.688,0,1.856,0.405,37.505,8.3809,16.903,0.064,3.321,2.995,0,2.535,47.381,48.34,3.186,0,0,11.424,0,0,0,64.525,0,0,5.72,6.951,15.915,0,0,0.529,0,0,0,0,1,1,1,7,0,0,0,0,0,0,0,0,0,0,0,0,0,0,3.365,2.3,FlavorsandFragrances,3
742,86.15,5.384,1,62.5,31.3,0,6.3,0,4,0,0,0,0,0,0,0,0,0,0,0,0,31,2.675,0,1.522,0,10.742,5,10.104,0.11,3.714,4.341,17.65,2.535,0,48.34,0,0,0,11.424,0,0,0,31.609,0,0,2.535,5.653,11.595,0,0,0.962,0.255,0,0,0,1,2,0,3,0,0,0,0,0,0,0,0,0,0,0,0,0,0,1.133,1.969,FlavorsandFragrances,3
744,138.23,5.76,5,58.3,37.5,0,4.2,0,5,1,5,0,0,0,27.924,0,0,0,0,0,0,305,2.725,6.26,2.536,0.486,41.31,7.8226,27.102,0.038,5.936,4.778,8.825,10.138,30.692,0,9.507,17.22,0,0,0,0,0,55.104,0,0,15.587,6.997,16.175,0,0,4.937,0,0,0,0,3,1,1,5,0,0,0,0,0,0,0,0,0,0,0,0,0,0,3.789,9.702,FlavorsandFragrances,3
536,270.41,6.009,2,57.8,33.3,0,8.9,0,13,1,17,0,0,0,0,0,0,0,0,0,0,2943,9.803,0,5.123,1.449,226.215,23.8403,91.04,0.009,11.147,2.686,0,37.065,0,64.673,22,0,0,0,0,0,0,51.447,0,0,51.447,6.134,14.196,6.85,0,11.495,0,0,0,9.999,4,4,6,10,0,0,0,0,0,0,0,0,0,0,0,0,0,0,7.364,16.131,FlavorsandFragrances,3
576,176.23,7.049,8,48,44,0,8,0,2,1,6,0,0,0,0,0,0,0,0,0,0,649,4.237,0,2.616,0.547,67.431,9.5701,44.04,0.021,5.122,3.668,8.825,4.592,66.334,32.336,14.185,0,0,18.952,0,0,0,90.128,0,0,14.969,6.966,16.21,6.176,0,0.338,0,0,0,4.738,3,1,3,8,1,0,0,0,0,0,0,0,0,0,0,0,0,0,6.717,4.295,FlavorsandFragrances,3
750,228.42,5.191,1,63.6,31.8,0,4.5,0,13,0,0,0,0,0,0,0,0,0,0,0,0,631,12.636,0,4.445,0.975,82.402,15,87.87,0.011,10.935,5.226,17.65,29.938,0,32.336,11,0,0,0,0,0,0,54.779,0,0,37.129,6.092,13.503,6.158,2,11.849,0,0,0,5.156,3,3,4,10,5,0,0,0,0,0,0,0,0,0,0,0,0,0,22.095,27.145,FlavorsandFragrances,3
695,88.12,6.294,1,57.1,28.6,0,14.3,0,3,0,0,0,0,0,0,0,0,0,0,0,0,31,2.636,0,0.93,0,10.742,5,11.975,0.075,3.282,2.916,19.708,2.535,0,32.336,11,0,0,0,0,0,0,29.434,0,0,9.726,5.653,13.341,6.158,0,0.469,0,0,0,4.26,2,2,0,1,0,0,0,0,0,0,0,0,0,0,0,0,0,0,0.344,0.473,FlavorsandFragrances,3
615,154.25,7.713,6,50,40,0,5,0,3,1,5,0,0,0,26.267,0,0,0,0,0,0,288,1.525,6.783,3.844,0.925,37.734,8.7974,18.797,0.064,4.592,2.254,26.476,0,9.476,30.278,3.186,2.717,0,0,31.278,31.278,0,78.265,0,0,42.314,9.658,18.205,0,0,0,0,0,0,0,2,1,0,1,0,0,0,0,0,0,0,0,0,0,0,0,0,0,3.242,2.319,FlavorsandFragrances,3
699,210.3,6.373,6,54.5,36.4,0,9.1,0,6,1,6,0,0,0,0,0,0,0,0,0,0,975,3.998,0,3.412,0.801,82.768,11.2238,61.722,0.015,8.005,7.173,19.708,14.254,28.429,53.683,19.429,0,0,0,0,0,0,70.82,0,0,22.683,8.757,17.642,0,2,3.56,0,0,9.379,10.47,3,5,0,5,0,0,0,0,0,0,0,0,0,0,0,0,0,0,3.753,7.177,FlavorsandFragrances,3
551,114.21,5.191,1,63.6,31.8,0,4.5,0,5,0,0,0,0,0,0,0,0,0,0,0,0,84,6.914,0,1.772,0.254,21.836,7,20.671,0.053,5.328,4.054,8.825,7.604,61.636,0,0,0,0,18.952,0,0,0,35.381,0,0,7.604,3.57,0,0,2,3.419,0,0,8.314,0,0,0,0,5,0,0,0,0,0,0,0,0,0,0,0,0,0,0,3.223,3.59,FlavorsandFragrances,3
837,146.28,6.36,1,60.9,30.4,0,4.3,0,6,0,0,0,0,0,0,0,0,0,0,0,0,92,4.524,0,4.356,0.305,21.184,8,19.73,0.061,6.432,4.321,33.666,2.535,0,30.278,0,0,0,0,32.22,32.22,0,73.554,0,0,39.888,10.901,15.341,5.379,6,0.675,0,0,0,0,2,0,0,0,0,0,0,0,0,0,0,0,0,0,0,0,0,0,3.223,1.14,FlavorsandFragrances,3
432,228.42,5.191,1,63.6,31.8,0,4.5,0,13,0,0,0,0,0,0,0,0,0,0,0,0,619,12.636,0,4.921,0.903,80.566,15,85.755,0.011,10.935,5.614,26.476,24.869,0,32.336,11,0,0,0,0,0,0,58.536,0,0,32.06,6.106,13.548,6.158,2,9.477,0.613,0,0,5.142,3,3,4,10,4,0,0,0,0,0,0,0,0,0,0,0,0,0,22.095,25.057,FlavorsandFragrances,3
611,142.22,5.926,1,58.3,33.3,0,8.3,0,7,1,6,0,0,0,0,0,0,0,0,0,0,308,2.081,0,2.858,1.041,41.882,8.7761,26.66,0.037,5.974,2.959,10.883,12.673,0,32.336,11,0,0,0,0,0,0,30.747,0,0,19.864,8.488,14.675,6.158,0,5.742,0.207,0,0,4.651,2,4,0,6,0,0,0,0,0,0,0,0,0,0,0,0,0,0,2.782,4.612,FlavorsandFragrances,3
613,136.22,6.192,6,54.5,36.4,9.1,0,0,4,1,6,0,0,0,0,0,0,0,0,0,0,326,1.542,0,2.157,0.522,43.864,9.4292,21.572,0.05,5.178,4.64,17.65,5.069,0,57.113,23.608,0,0,33.571,0,0,0,46.328,33.571,0,10.583,8.924,17.299,0,0,1.966,0,8.411,0,0,2,4,0,2,0,0,0,0,0,0,0,0,0,0,0,0,0,4,0.425,2.039,FlavorsandFragrances,3
540,88.17,4.898,0,66.7,27.8,0,5.6,0,5,0,0,0,0,0,0,0,0,0,0,0,0,31,2.961,0,1.696,0,10.742,5,11.401,0.095,4.358,3.988,17.65,2.535,42.683,0,0,0,0,0,0,0,0,20.185,0,0,2.535,5.653,10.833,0,1,1.41,0.491,0,8.335,0,0,0,0,3,0,0,0,0,0,0,0,0,0,0,0,0,0,0,1.463,1.664,FlavorsandFragrances,3
595,118.22,6.954,0,58.8,29.4,0,5.9,0,5,1,5,0,0,0,15.767,0,0,0,0,0,0,117,1.104,6.503,2.595,0.319,22.726,7.5531,12.551,0.077,5.134,2.32,8.825,7.127,0,21.818,0,0,0,0,38.564,38.564,0,54.516,0,0,7.127,8,13.183,0,3,2.014,0.864,0,0,5.189,2,0,0,0,0,0,0,0,0,0,0,0,0,0,0,0,0,0,0.668,0.592,FlavorsandFragrances,3
445,124.2,5.914,3,57.1,38.1,0,4.8,0,3,0,0,0,0,0,0,0,0,0,0,0,0,120,7.156,0,1.738,0.223,27.742,8,22.873,0.049,4.717,4.917,8.825,5.069,37.905,48.34,0,0,0,49.329,0,0,0,63.223,0,0,5.069,3.672,0,0,0,2.245,0,0,0,0,1,1,1,6,0,0,0,0,0,0,0,0,0,0,0,0,0,0,3.704,5.279,FlavorsandFragrances,3
658,148.3,5.932,0,64,28,0,4,0,7,0,0,0,0,0,0,0,0,0,0,0,0,102,4.793,0,3.297,0.721,23.68,8,23.696,0.05,7.362,4.449,16.016,7.604,42.683,0,0,0,0,0,32.22,32.22,0,55.839,0,0,39.823,6.771,11.679,0,2,3.758,0.681,0,8.581,0,0,0,0,2,0,0,0,0,0,0,0,0,0,0,0,0,0,0,3.765,2.808,FlavorsandFragrances,3
625,164.27,5.867,6,57.1,39.3,0,3.6,0,5,1,6,0,0,0,0,0,0,0,0,0,0,504,2.087,0,3.4,0.83,55.172,10.4576,30.005,0.036,6.789,6.627,37.359,0,28.429,0,22.614,0,0,0,0,0,0,77.402,0,0,11.615,9.786,17.807,0,0,0,0.528,0,0,5.287,2,3,0,8,0,0,0,0,0,0,0,0,0,0,0,0,0,0,9.639,12.208,FlavorsandFragrances,3
771,180.22,7.209,7,48,40,0,12,0,3,1,6,0,0,0,0,0,0,0,0,0,0,652,3.362,0,2.628,0.604,63.52,9.9355,45.553,0.02,5.218,4.247,19.708,4.592,37.905,32.336,30.429,0,0,0,0,0,0,77.826,0,0,20.213,7.349,16.746,6.176,0,0.319,0,0,0,9.809,5,4,2,4,0,0,0,0,0,0,0,0,0,0,0,0,0,0,3.306,2.522,FlavorsandFragrances,3
764,154.28,5.32,1,62.1,34.5,0,3.4,0,8,1,6,0,0,0,0,0,0,0,0,0,0,373,1.836,0,4.013,1.109,45.171,9.4497,26.943,0.041,7.316,5.772,26.476,7.604,52.16,0,3.186,0,0,9.476,0,0,0,46.741,0,0,10.789,12.786,16.192,0,5,2.845,0.381,0,10.022,0,0,0,0,7,0,0,0,0,0,0,0,0,0,0,0,0,0,0,5.558,6.503,FlavorsandFragrances,3
729,196.32,5.774,3,58.8,35.3,0,5.9,0,7,0,0,0,0,0,0,0,0,0,0,0,0,420,10.117,0,2.973,0.493,62.634,13,62.336,0.015,8.141,4.256,17.65,14.731,37.905,32.336,11,0,0,37.905,0,0,0,77.477,0,0,21.922,6.092,13.633,6.296,2,3.706,0,0,0,4.994,3,3,4,8,4,0,0,0,0,0,0,0,0,0,0,0,0,0,9.296,11.618,FlavorsandFragrances,3
412,144.29,4.81,0,66.7,30,0,3.3,0,9,0,0,0,0,0,0,0,0,0,0,0,0,135,6.961,0,3.913,0.385,27.945,9,28.636,0.039,7.333,4.975,35.301,5.069,42.683,0,0,0,0,0,0,0,0,40.37,0,0,5.069,6.829,12.294,0,4,1.885,1.155,0,9.39,0,0,0,0,6,0,0,0,0,0,0,0,0,0,0,0,0,0,0,6.714,8.019,FlavorsandFragrances,3
480,132.17,7.343,8,44.4,50,0,5.6,0,0,1,6,0,0,0,0,0,0,0,0,0,0,330,2.194,0,1.906,0.43,44.388,8.6344,20.447,0.053,3.279,2.455,0,0,66.334,48.34,3.186,0,0,30.377,0,0,0,80.943,0,0,3.186,6.964,16.178,0,0,0,0,0,0,0,1,1,2,8,0,0,0,0,0,0,0,0,0,0,0,0,0,0,4.267,3.801,FlavorsandFragrances,3
516,128.24,5.13,1,64,32,0,4,0,6,0,0,0,0,0,0,0,0,0,0,0,0,120,7.701,0,2.099,0.349,27.742,8,26.54,0.041,6.074,4.339,8.825,10.138,61.636,0,0,0,0,18.952,0,0,0,37.916,0,0,10.138,3.672,0,0,2,4.633,0,0,8.399,0,0,0,0,6,0,0,0,0,0,0,0,0,0,0,0,0,0,0,4.532,5.527,FlavorsandFragrances,3
598,122.28,7.643,0,62.5,25,0,0,0,4,0,0,0,0,0,0,0,0,0,0,0,0,32,5.971,0,2.69,0,11.059,5,10.551,0.117,5.729,2.789,8.825,3.434,0,21.637,0,0,0,0,77.127,77.127,0,89.387,0,0,3.434,5.118,10.307,0,3,2.052,0.516,0,0,0,0,0,0,0,0,0,0,0,0,0,0,0,0,0,0,0,0,0,3.301,2.206,FlavorsandFragrances,3
829,202.38,5.059,0,65,30,0,5,0,12,0,0,0,0,0,0,0,0,0,0,0,0,419,9.297,0,3.811,0.938,62.173,13,66.809,0.015,10.196,6.408,30.591,20.276,0.36,22,0,11.771,0,0,0,0,0,51.227,0,0,20.276,6.644,11.595,0,0,10.424,0.005,0,0,10.245,2,2,2,8,0,0,0,0,0,0,0,0,0,0,0,0,0,0,15.243,15.417,FlavorsandFragrances,3
693,196.22,7.547,7,46.2,38.5,0,15.4,0,3,1,6,0,0,0,0,0,0,0,0,0,0,724,1.851,0,3.053,0.746,67.485,11.8803,38.611,0.027,5.339,14.072,28.533,0,9.476,117.703,20.557,0,0,0,0,0,0,54.758,0,0,16.748,11.113,18.983,0,0,0,0,0,18.948,4.512,2,2,0,4,0,0,0,0,0,0,0,0,0,0,0,0,0,0,4.233,4.507,FlavorsandFragrances,3
850,114.18,8.783,5,46.2,38.5,0,7.7,0,1,1,5,0,0,0,15.767,0,0,0,0,0,0,117,0.869,6.503,1.844,0.159,22.726,7.5531,9.548,0.107,3.257,2.877,8.825,0,21.216,10.818,11.058,17.22,0,0,38.564,38.564,0,75.604,0,0,7,8,17.291,0,0,0,0,0,0,0,2,0,0,0,0,0,0,0,0,0,0,0,0,0,0,0,0,0,0.694,2.071,FlavorsandFragrances,3
807,156.25,5.787,2,59.3,33.3,0,7.4,0,6,0,0,0,0,0,0,0,0,0,0,0,0,176,3.942,0,2.432,0.244,33.381,10,35.527,0.026,6.499,5.313,17.65,25.428,9.476,32.336,11,0,0,9.476,0,0,0,59.746,0,0,16.853,8.388,14.663,6.176,0,2.036,0.065,0,0,4.878,3,5,0,5,0,0,0,0,0,0,0,0,0,0,0,0,0,0,5.152,7.181,FlavorsandFragrances,3
709,98.16,5.774,1,58.8,35.3,0,5.9,0,5,1,6,0,0,0,0,0,0,0,0,0,0,131,1.301,0,2.099,0.632,25.812,7.8978,11.512,0.086,4.119,0.924,0,12.673,0,30.278,0,0,0,0,0,0,0,17.806,0,0,17.806,6.124,13.566,5.379,0,5.239,0,0,0,0,2,2,0,4,0,0,0,0,0,0,0,0,0,0,0,0,0,0,1.103,1.379,FlavorsandFragrances,3
799,130.21,5.661,1,60.9,30.4,0,8.7,0,6,0,0,0,0,0,0,0,0,0,0,0,0,98,3.253,0,2.061,0.201,22.679,8,25.058,0.037,5.628,3.504,26.476,7.127,0,32.336,11,0,0,0,0,0,0,40.794,0,0,14.318,7.853,14.525,6.158,3,1.349,0.06,0,0,4.756,3,4,0,3,0,0,0,0,0,0,0,0,0,0,0,0,0,0,2.981,3.824,FlavorsandFragrances,3
831,128.19,6.104,2,57.1,33.3,0,9.5,0,4,0,0,0,0,0,0,0,0,0,0,0,0,108,5.244,0,1.722,0.18,25.021,8,26.717,0.032,4.927,4.633,8.825,25.428,9.476,32.336,11,0,0,9.476,0,0,0,50.921,0,0,16.853,6.062,13.503,6.176,0,1.683,0,0,0,4.675,3,3,0,3,0,0,0,0,0,0,0,0,0,0,0,0,0,0,2.621,3.101,FlavorsandFragrances,3
869,178.25,6.602,7,51.9,40.7,0,7.4,0,4,1,6,0,0,0,0,0,0,0,0,0,0,609,3.387,0,2.855,0.571,64.432,9.7126,44.981,0.02,6.02,3.45,8.825,9.661,47.381,32.336,14.185,0,0,0,0,0,0,76.245,0,0,20.038,8.537,16.834,0,2,2.491,0,0,0,5.03,3,5,1,8,1,0,0,0,0,0,0,0,0,0,0,0,0,0,8.676,9.085,FlavorsandFragrances,3
635,248.4,5.914,7,57.1,38.1,0,4.8,0,8,1,6,0,0,0,0,0,0,0,0,0,0,1222,5.391,0,4.39,1.187,98.105,11.7759,72.192,0.015,10.286,8.751,30.591,10.138,57.217,22,6.371,11.771,0,9.476,0,0,0,104.318,0,0,16.509,9.068,16.747,4.48,0,4.67,-0.234,0,0,10.748,2,4,6,13,3,0,0,0,0,0,0,0,0,0,0,0,0,0,12.913,19.73,FlavorsandFragrances,3
886,190.31,5.947,7,56.3,40.6,0,3.1,0,6,1,6,0,0,0,0,0,0,0,0,0,0,768,3.291,0,4.214,0.889,68.512,10.4335,42.861,0.027,7.471,7.505,26.476,2.535,37.905,48.34,6.371,0,0,11.424,0,0,0,84.71,0,0,8.906,8.245,16.935,0,0,0.849,0.701,0,0,0,1,2,2,12,0,0,0,0,0,0,0,0,0,0,0,0,0,0,10.885,13.173,FlavorsandFragrances,3
858,170.25,8.107,6,47.6,38.1,0,9.5,0,3,1,5,0,0,0,31.888,0,0,0,0,0,0,372,2.911,6.26,3.126,0.712,46.13,8.1857,28.924,0.038,4.491,3.151,8.825,3.434,30.692,28.644,9.507,17.22,0,0,32.22,32.22,0,84.118,0,0,44.601,7.048,16.245,10.152,0,1.241,0,0,0,0,4,2,2,2,0,0,0,0,0,0,0,0,0,0,0,0,0,0,0.425,4.95,FlavorsandFragrances,3
880,138.23,5.76,2,58.3,37.5,0,4.2,0,6,1,6,0,0,0,0,0,0,0,0,0,0,320,1.698,0,3.211,0.89,42.428,9.4033,21.672,0.051,5.763,5.329,17.65,5.069,9.476,48.34,3.186,0,0,20.9,0,0,0,46.805,0,0,8.255,8.64,15.132,0,0,2.154,0.745,0,0,0,1,2,1,8,0,0,0,0,0,0,0,0,0,0,0,0,0,0,3.789,4.829,FlavorsandFragrances,3
857,144.24,5.548,1,61.5,30.8,0,7.7,0,7,0,0,0,0,0,0,0,0,0,0,0,0,136,5.188,0,3.179,0.26,28.117,9,31.362,0.028,6.395,4.647,35.301,4.592,0,32.336,11,0,0,0,0,0,0,47.085,0,0,11.784,7.432,14.434,6.158,1,0.539,0.432,0,0,4.926,3,6,0,4,0,0,0,0,0,0,0,0,0,0,0,0,0,0,4.244,5.486,FlavorsandFragrances,3
547,399.48,7.833,24,41.2,47.1,5.9,5.9,0,3,4,24,0,0,0,0,0,0,0,0,0,0,19461,4.447,0,6.492,2.025,287.885,12.5708,154.346,0.007,9.182,7.163,32.649,0,113.715,50.357,65.27,0,0,50.357,0,0,0,178.635,50.357,0,32.271,9.936,18.958,0,0,0,0,14.147,0,15.774,12,18,6,12,0,0,0,0,0,0,0,0,0,0,0,0,0,15,18.402,22.624,FlavorsandFragrances,3
418,254.35,6.874,13,48.6,45.9,0,5.4,0,3,2,12,0,0,0,0,0,0,0,0,0,0,3006,3.782,0,4.252,1.207,135.622,11.497,80.749,0.011,7.984,8.038,10.883,22.894,85.286,0,38.858,0,0,9.476,0,0,0,135.921,0,0,23.985,9.175,17.87,0,0,1.368,0,0,0,11.158,3,6,4,12,6,0,0,0,0,0,0,0,0,0,0,0,0,0,13.828,19.26,FlavorsandFragrances,3
392,122.18,6.431,6,52.6,42.1,0,5.3,0,2,1,6,0,0,0,0,0,0,0,0,0,0,247,1.542,0,2.02,0.448,36.403,8.5992,17.198,0.065,4.343,5.118,8.825,2.535,37.905,42.683,3.186,0,0,0,0,0,0,52.45,0,0,5.72,7.051,16.624,0,0,1.028,0,0,8.852,0,0,0,0,6,0,0,0,0,0,0,0,0,0,0,0,0,0,0,4.808,6.275,FlavorsandFragrances,3
798,164.22,6.843,7,50,41.7,0,8.3,0,3,1,6,0,0,0,0,0,0,0,0,0,0,456,2.169,0,2.71,0.609,52.408,9.5103,29.551,0.037,5.176,7.268,8.825,2.535,47.381,68.738,3.186,0,0,0,0,0,0,62.836,0,0,6.63,9.68,16.633,6.05,0,0.638,-0.355,0,8.827,0,1,2,1,9,0,0,0,0,0,0,0,0,0,0,0,0,0,0,5.694,5.702,FlavorsandFragrances,3
684,152.21,6.618,6,52.2,39.1,0,8.7,0,3,1,6,0,0,0,0,0,0,0,0,0,0,411,1.79,0,2.36,0.591,48.936,9.8575,27.07,0.038,5.336,6.005,19.708,2.535,28.429,42.683,19.429,0,0,0,0,0,0,59.101,0,0,10.964,8.746,17.638,0,0,0.955,0,0,9.205,4.937,1,2,0,5,0,0,0,0,0,0,0,0,0,0,0,0,0,0,3.599,6.193,FlavorsandFragrances,3
410,150.19,7.152,7,47.6,42.9,0,9.5,0,2,1,6,0,0,0,0,0,0,0,0,0,0,401,2.519,0,2.239,0.519,49.284,9.0046,28.987,0.035,4.272,3.278,10.883,2.535,47.381,32.336,14.185,0,0,0,0,0,0,71.176,0,0,12.911,7.363,16.085,6.296,0,0.358,0,0,0,4.515,2,2,2,7,0,0,0,0,0,0,0,0,0,0,0,0,0,0,4.338,2.959,FlavorsandFragrances,3
639,218.38,5.326,0,63.4,29.3,0,7.3,0,12,0,0,0,0,0,0,0,0,0,0,0,0,444,8.85,0,4.946,0.932,61.152,14,66.764,0.015,10.58,9.908,48.242,10.138,43.043,22,0,11.771,0,0,0,0,0,58.739,0,0,10.138,9.951,14.795,0,8,3.916,0.472,0,9.555,10.292,2,2,2,5,0,0,0,0,0,0,0,0,0,0,0,0,0,0,4.65,4.693,FlavorsandFragrances,3
780,136.22,6.192,6,54.5,36.4,9.1,0,0,4,1,6,0,0,0,0,0,0,0,0,0,0,314,1.345,0,2.565,0.51,41.714,9.6144,20.007,0.052,5.178,4.54,35.301,0,0,33.571,11.027,0,0,33.571,0,0,0,46.328,33.571,0,11.027,8.827,18.081,0,0,0,0,8.62,0,0,4,4,0,0,0,0,0,0,0,0,0,0,0,0,0,0,0,4,0.425,0.435,FlavorsandFragrances,3
651,214.39,5.229,1,63.4,31.7,0,4.9,0,12,0,0,0,0,0,0,0,0,0,0,0,0,538,11.563,0,4.049,0.953,74.482,14,78.948,0.012,10.183,4.836,17.65,27.403,0,32.336,11,0,0,0,0,0,0,52.245,0,0,34.595,5.892,13.424,6.158,2,11.376,0,0,0,4.997,3,3,2,9,2,0,0,0,0,0,0,0,0,0,0,0,0,0,19.687,22.6,FlavorsandFragrances,3
561,170.28,5.676,2,60,33.3,0,6.7,0,7,0,0,0,0,0,0,0,0,0,0,0,0,265,8.377,0,2.639,0.389,45.974,11,47.595,0.019,7.273,3.508,17.65,14.731,18.952,32.336,11,0,0,18.952,0,0,0,58.525,0,0,21.922,6.066,13.493,6.158,2,3.808,0,0,0,4.939,3,3,2,6,2,0,0,0,0,0,0,0,0,0,0,0,0,0,6.621,8.648,FlavorsandFragrances,3
673,142.22,5.926,1,58.3,33.3,0,8.3,0,7,1,6,0,0,0,0,0,0,0,0,0,0,318,2.858,0,2.869,0.98,42.883,8.6944,28.901,0.03,5.974,2.5,8.825,12.673,0,32.336,11,0,0,0,0,0,0,28.689,0,0,19.864,7.243,13.526,6.158,4,5.882,0.228,0,0,5.052,4,2,1,4,0,0,0,0,0,0,0,0,0,0,0,0,0,0,2.782,3.532,FlavorsandFragrances,3
846,196.32,5.774,3,58.8,35.3,0,5.9,0,7,0,0,0,0,0,0,0,0,0,0,0,0,428,10.117,0,3.035,0.512,63.589,13,59.942,0.017,8.141,4.527,17.65,14.731,37.905,32.336,11,0,0,37.905,0,0,0,77.477,0,0,21.922,6.066,14.247,0,3,5.253,0,0,0,4.727,3,2,2,8,1,0,0,0,0,0,0,0,0,0,0,0,0,0,9.296,14.156,FlavorsandFragrances,3
435,102.15,6.009,1,58.8,29.4,0,11.8,0,4,0,0,0,0,0,0,0,0,0,0,0,0,50,3.467,0,1.326,0.102,14.864,6,16.233,0.058,4.076,2.81,19.708,5.069,0,32.336,11,0,0,0,0,0,0,31.969,0,0,12.26,5.858,13.412,6.158,0,1.406,0,0,0,4.352,2,2,0,2,0,0,0,0,0,0,0,0,0,0,0,0,0,0,0.991,1.309,FlavorsandFragrances,3
464,102.15,6.009,1,58.8,29.4,0,11.8,0,4,0,0,0,0,0,0,0,0,0,0,0,0,52,5.636,0,1.823,0.079,15.405,6,17.215,0.049,4.076,4.645,17.65,4.592,0,50.398,11,0,0,0,0,0,0,35.725,0,0,4.592,5.17,10.439,0,1,0.531,0.449,0,0,4.414,1,2,0,2,0,0,0,0,0,0,0,0,0,0,0,0,0,0,0.991,1.359,FlavorsandFragrances,3
425,132.18,6.294,1,57.1,28.6,0,14.3,0,5,0,0,0,0,0,0,0,0,0,0,0,0,102,5.469,0,1.858,0.144,23.544,8,26.656,0.034,5.103,9.972,17.65,7.127,42.683,32.336,11,0,0,0,0,0,0,31.969,0,0,14.318,6.534,13.71,6.158,6,0.472,-0.593,0,8.649,4.554,3,0,0,0,0,0,0,0,0,0,0,0,0,0,0,0,0,0,0.289,0.105,FlavorsandFragrances,3
472,152.26,5.639,1,59.3,37,0,3.7,0,8,3,10,2,0,18.01,0,0,0,0,0,0,0,774,0.807,0,4.479,1.654,54.678,9.7427,25.472,0.044,6.952,4.754,17.65,5.069,52.16,0,3.186,0,0,9.476,0,0,0,35.381,0,0,8.255,14.168,17.174,0,0,2.791,1.578,0,9.05,0,0,0,0,10,0,0,0,0,0,0,0,0,0,0,0,0,0,0,5.558,3.176,FlavorsandFragrances,3
585,196.32,5.774,2,58.8,35.3,0,5.9,0,9,1,6,0,0,0,0,0,0,0,0,0,0,758,5.008,0,4.014,1.481,74.087,9.9789,57.017,0.017,8.411,4.101,0,38.101,9.476,32.336,11,0,0,9.476,0,0,0,54.769,0,0,29.525,7.026,13.731,6.176,0,8.595,0.764,0,0,4.925,3,3,4,9,3,0,0,0,0,0,0,0,0,0,0,0,0,0,7.583,12.013,FlavorsandFragrances,3
604,160.28,9.428,5,47.1,35.3,0,5.9,0,2,1,5,0,0,0,23.176,0,0,0,0,0,0,230,1.779,6.529,4.031,1.12,34.132,8.1303,16.44,0.075,5.99,3.566,16.016,0,21.216,0,11.058,17.22,0,0,60.363,60.363,0,104.594,0,0,67.363,8.582,17.392,0,0,0,0,0,0,0,2,0,0,0,0,0,0,0,0,0,0,0,0,0,0,0,0,0,1.466,4.892,FlavorsandFragrances,3
773,154.28,5.32,0,62.1,34.5,0,3.4,0,10,3,10,2,0,0,43.39,0,0,0,0,0,0,729,0.659,7.978,5.126,1.952,52.939,10.7278,23.829,0.047,7.626,4.566,26.476,7.604,42.683,0,0,0,0,0,0,0,0,34.079,0,0,7.604,16.809,17.799,0,2,3.607,0.749,0,9.814,0,0,0,0,9,0,0,0,0,0,0,0,0,0,0,0,0,0,0,6.262,3.902,FlavorsandFragrances,3
634,188.29,6.276,8,53.3,43.3,0,3.3,0,4,1,6,0,0,0,0,0,0,0,0,0,0,684,3.505,0,3.773,0.816,68.176,10.1803,39.922,0.028,6.699,6.879,17.65,2.535,56.857,48.34,6.371,0,0,20.9,0,0,0,94.838,0,0,8.906,8.976,17.146,0,0,0.947,0.591,0,0,0,1,2,3,12,0,0,0,0,0,0,0,0,0,0,0,0,0,0,10.325,12.675,FlavorsandFragrances,3
766,262.43,5.832,3,57.8,37.8,0,4.4,0,12,3,12,1,0,0,38.055,52.745,0,0,77.616,0,0,3554,3.172,7.066,6.554,2.706,150.333,15.4046,73.82,0.014,11.175,7.106,44.126,7.604,9.476,32.336,20.557,0,0,9.476,0,0,0,77.954,0,0,24.352,10.848,16.904,6.176,2,3.396,1.968,0,0,5.424,4,2,5,14,1,0,0,0,0,0,0,0,0,0,0,0,0,0,15.532,17.781,FlavorsandFragrances,3
852,144.24,5.548,1,61.5,30.8,0,7.7,0,7,0,0,0,0,0,0,0,0,0,0,0,0,135,4.168,0,2.442,0.302,28.172,9,30.714,0.031,6.395,3.665,26.476,9.661,0,32.336,11,0,0,0,0,0,0,43.328,0,0,16.853,7.921,14.542,6.158,3,2.464,0.074,0,0,4.817,3,4,0,4,0,0,0,0,0,0,0,0,0,0,0,0,0,0,4.244,5.816,FlavorsandFragrances,3
794,178.25,6.602,7,51.9,40.7,0,7.4,0,4,1,6,0,0,0,0,0,0,0,0,0,0,610,3.387,0,3.248,0.54,63.636,9.6468,43.966,0.02,6.02,3.988,17.65,4.592,47.381,32.336,14.185,0,0,0,0,0,0,80.001,0,0,14.969,7.487,16.108,6.176,0,0.373,-0.052,0,0,5.051,3,6,2,8,0,0,0,0,0,0,0,0,0,0,0,0,0,0,7.169,7.475,FlavorsandFragrances,3
555,142.19,9.479,6,40,40,0,13.3,0,1,1,5,0,0,0,23.476,0,0,0,0,0,0,212,1.436,6.293,2.248,0.348,32.165,7.6767,17.111,0.06,2.205,2.353,7.19,0,30.692,28.644,9.507,17.22,0,0,32.22,32.22,0,79.049,0,0,41.167,8.501,16.981,0,0,0,0,0,0,0,3,2,0,1,0,0,0,0,0,0,0,0,0,0,0,0,0,0,0.054,2.686,FlavorsandFragrances,3
409,160.24,5.935,1,59.3,29.6,0,11.1,0,7,0,0,0,0,0,0,0,0,0,0,0,0,184,6.014,0,2.452,0.312,34.854,10,38.24,0.025,6.686,7.778,17.65,12.196,42.683,32.336,11,0,0,0,0,0,0,37.038,0,0,19.387,6.848,13.78,6.158,5,2.068,-0.529,0,9.145,4.66,3,0,2,2,0,0,0,0,0,0,0,0,0,0,0,0,0,0,1.499,1.699,FlavorsandFragrances,3
759,170.18,7.735,3,45.5,36.4,0,18.2,0,4,1,5,0,0,0,33.586,0,0,0,0,0,0,472,1.801,6.969,2.603,0.512,51.027,9.9546,35.653,0.024,4.223,8.238,26.476,0,0,84.101,11,0,0,10.487,0,0,0,49.287,0,0,22.812,10.392,17.489,6.158,6,0,-0.528,0,0,9.712,4,2,1,0,0,0,0,0,0,0,0,0,0,0,0,0,0,0,0.032,0.009,FlavorsandFragrances,3
465,430.7,5.667,1,60.5,31.6,0,7.9,0,23,1,5,0,0,0,114.169,0,0,0,0,0,0,5949,13.505,6.783,8.806,2.463,294.003,17.0175,285.796,0.003,19.578,11.751,8.825,49.737,128.05,43.336,11,0,0,0,0,0,0,65.754,0,0,56.929,10.178,14.913,6.158,0,19.324,-4.171,0,28.989,10.178,2,2,3,16,8,0,0,0,0,0,0,0,0,0,0,0,0,0,11.691,32.665,FlavorsandFragrances,3
403,238.41,5.544,3,60.5,34.9,0,4.7,0,10,0,0,0,0,0,0,0,0,0,0,0,0,596,7.924,0,5.283,0.857,72.874,16,74.889,0.013,10.458,9.054,44.126,20.836,18.952,32.336,14.185,0,0,18.952,0,0,0,94.291,0,0,15.446,8.628,14.918,6.176,1,1.383,0.427,0,0,5.418,4,5,3,10,4,0,0,0,0,0,0,0,0,0,0,0,0,0,14.749,21.194,FlavorsandFragrances,3
586,162.2,7.373,8,45.5,45.5,0,9.1,0,1,1,6,0,0,0,0,0,0,0,0,0,0,536,3.539,0,2.243,0.505,60.21,9.2211,37.218,0.026,4.219,3.958,0,4.592,66.334,50.398,14.185,0,0,18.952,0,0,0,87.594,0,0,7.778,6.965,16.17,0,0,0.332,0,0,0,4.488,1,1,3,8,0,0,0,0,0,0,0,0,0,0,0,0,0,0,5.291,4.102,FlavorsandFragrances,3
860,150.19,7.152,7,47.6,42.9,0,9.5,0,2,1,6,0,0,0,0,0,0,0,0,0,0,392,2.169,0,2.086,0.458,48.581,9.0737,29.354,0.033,4.272,3.386,8.825,4.592,47.381,32.336,14.185,0,0,0,0,0,0,71.176,0,0,14.969,8.534,16.834,0,3,0.424,0,0,0,4.789,3,4,0,6,0,0,0,0,0,0,0,0,0,0,0,0,0,0,5.526,4.138,FlavorsandFragrances,3
769,182.34,5.21,0,62.9,34.3,0,2.9,0,12,3,10,2,0,0,53.963,0,0,0,0,0,0,1032,0.824,7.947,5.936,2.489,64.96,11.1381,31.659,0.036,9.149,5.574,35.301,10.138,42.683,0,0,0,0,0,0,0,0,45.439,0,0,10.138,18.284,18.337,0,2,4.703,0.752,0,10.777,0,0,0,0,10,0,0,0,0,0,0,0,0,0,0,0,0,0,0,9.455,8.06,FlavorsandFragrances,3
733,116.18,5.809,1,60,30,0,10,0,5,0,0,0,0,0,0,0,0,0,0,0,0,74,6.852,0,2.196,0.235,19.111,7,21.501,0.039,4.856,3.121,26.476,4.592,0,32.336,11,0,0,0,0,0,0,38.259,0,0,11.784,5.547,13.06,6.158,1,0.537,0.443,0,0,4.664,3,2,0,2,0,0,0,0,0,0,0,0,0,0,0,0,0,0,1.886,1.471,FlavorsandFragrances,3
619,116.18,5.809,1,60,30,0,10,0,5,0,0,0,0,0,0,0,0,0,0,0,0,84,6.852,0,1.674,0.195,21.836,7,23.867,0.037,4.856,4.609,8.825,12.196,0,50.398,11,0,0,0,0,0,0,34.503,0,0,12.196,3.57,0,0,2,3.892,0,0,0,4.455,1,1,1,3,0,0,0,0,0,0,0,0,0,0,0,0,0,0,1.886,3.094,FlavorsandFragrances,3
